Workbook

Sheet config
A1: Giorno | B1: OvercapPercent | C1: OvercapPenalty
A2: Lun | B2: 0.25 | C2: 1
A3: Mar | B3: 0.25 | C3: 1
A4: Mer | B4: 0.25 | C4: 1
A5: Gio | B5: 0.25 | C5: 1
A6: Ven | B6: 0.25 | C6: 1
A7: Sab | B7: 0.05 | C7: 1.2
A8: Dom | B8: 0 | C8: 1.8

Sheet Requisiti_dc
A1: fasce | B1: Lun | C1: Mar | D1: Mer | E1: Gio | F1: Ven | G1: Sab | H1: Dom
A2: 00:15-00:30 | B2: 0 | C2: 0 | D2: 0 | E2: 0 | F2: 0 | G2: 0 | H2: 0
A3: 00:30-00:45 | B3: 0 | C3: 0 | D3: 0 | E3: 0 | F3: 0 | G3: 0 | H3: 0
A4: 00:45-01:00 | B4: 0 | C4: 0 | D4: 0 | E4: 0 | F4: 0 | G4: 0 | H4: 0
A5: 01:00-01:15 | B5: 0 | C5: 0 | D5: 0 | E5: 0 | F5: 0 | G5: 0 | H5: 0
A6: 01:15-01:30 | B6: 0 | C6: 0 | D6: 0 | E6: 0 | F6: 0 | G6: 0 | H6: 0
A7: 01:30-01:45 | B7: 0 | C7: 0 | D7: 0 | E7: 0 | F7: 0 | G7: 0 | H7: 0
A8: 01:45-02:00 | B8: 0 | C8: 0 | D8: 0 | E8: 0 | F8: 0 | G8: 0 | H8: 0
A9: 02:00-02:15 | B9: 0 | C9: 0 | D9: 0 | E9: 0 | F9: 0 | G9: 0 | H9: 0
A10: 02:15-02:30 | B10: 0 | C10: 0 | D10: 0 | E10: 0 | F10: 0 | G10: 0 | H10: 0
A11: 02:30-02:45 | B11: 0 | C11: 0 | D11: 0 | E11: 0 | F11: 0 | G11: 0 | H11: 0
A12: 02:45-03:00 | B12: 0 | C12: 0 | D12: 0 | E12: 0 | F12: 0 | G12: 0 | H12: 0
A13: 03:00-03:15 | B13: 0 | C13: 0 | D13: 0 | E13: 0 | F13: 0 | G13: 0 | H13: 0
... A96: 23:45-00:00 | B96: 0 | C96: 0 | D96: 0 | E96: 0 | F96: 0 | G96: 0 | H96: 0

Sheet Requisiti_ps
A1: fasce | B1: Lun | C1: Mar | D1: Mer | E1: Gio | F1: Ven | G1: Sab | H1: Dom
A2: 00:15-00:30 | B2: 0 | C2: 0 | D2: 0 | E2: 0 | F2: 0 | G2: 0 | H2: 0
A3: 00:30-00:45 | B3: 0 | C3: 0 | D3: 0 | E3: 0 | F3: 0 | G3: 0 | H3: 0
A4: 00:45-01:00 | B4: 0 | C4: 0 | D4: 0 | E4: 0 | F4: 0 | G4: 0 | H4: 0
A5: 01:00-01:15 | B5: 0 | C5: 0 | D5: 0 | E5: 0 | F5: 0 | G5: 0 | H5: 0
A6: 01:15-01:30 | B6: 0 | C6: 0 | D6: 0 | E6: 0 | F6: 0 | G6: 0 | H6: 0
A7: 01:30-01:45 | B7: 0 | C7: 0 | D7: 0 | E7: 0 | F7: 0 | G7: 0 | H7: 0
A8: 01:45-02:00 | B8: 0 | C8: 0 | D8: 0 | E8: 0 | F8: 0 | G8: 0 | H8: 0
A9: 02:00-02:15 | B9: 0 | C9: 0 | D9: 0 | E9: 0 | F9: 0 | G9: 0 | H9: 0
A10: 02:15-02:30 | B10: 0 | C10: 0 | D10: 0 | E10: 0 | F10: 0 | G10: 0 | H10: 0
A11: 02:30-02:45 | B11: 0 | C11: 0 | D11: 0 | E11: 0 | F11: 0 | G11: 0 | H11: 0
A12: 02:45-03:00 | B12: 0 | C12: 0 | D12: 0 | E12: 0 | F12: 0 | G12: 0 | H12: 0
A13: 03:00-03:15 | B13: 0 | C13: 0 | D13: 0 | E13: 0 | F13: 0 | G13: 0 | H13: 0
... A96: 23:45-00:00 | B96: 0 | C96: 0 | D96: 0 | E96: 0 | F96: 0 | G96: 0 | H96: 0

Sheet Requisiti_cmb
A1: fasce | B1: Lun | C1: Mar | D1: Mer | E1: Gio | F1: Ven | G1: Sab | H1: Dom
A2: 00:15-00:30 | B2: 0 | C2: 0 | D2: 0 | E2: 0 | F2: 0 | G2: 0 | H2: 0
A3: 00:30-00:45 | B3: 0 | C3: 0 | D3: 0 | E3: 0 | F3: 0 | G3: 0 | H3: 0
A4: 00:45-01:00 | B4: 0 | C4: 0 | D4: 0 | E4: 0 | F4: 0 | G4: 0 | H4: 0
A5: 01:00-01:15 | B5: 0 | C5: 0 | D5: 0 | E5: 0 | F5: 0 | G5: 0 | H5: 0
A6: 01:15-01:30 | B6: 0 | C6: 0 | D6: 0 | E6: 0 | F6: 0 | G6: 0 | H6: 0
A7: 01:30-01:45 | B7: 0 | C7: 0 | D7: 0 | E7: 0 | F7: 0 | G7: 0 | H7: 0
A8: 01:45-02:00 | B8: 0 | C8: 0 | D8: 0 | E8: 0 | F8: 0 | G8: 0 | H8: 0
A9: 02:00-02:15 | B9: 0 | C9: 0 | D9: 0 | E9: 0 | F9: 0 | G9: 0 | H9: 0
A10: 02:15-02:30 | B10: 0 | C10: 0 | D10: 0 | E10: 0 | F10: 0 | G10: 0 | H10: 0
A11: 02:30-02:45 | B11: 0 | C11: 0 | D11: 0 | E11: 0 | F11: 0 | G11: 0 | H11: 0
A12: 02:45-03:00 | B12: 0 | C12: 0 | D12: 0 | E12: 0 | F12: 0 | G12: 0 | H12: 0
A13: 03:00-03:15 | B13: 0 | C13: 0 | D13: 0 | E13: 0 | F13: 0 | G13: 0 | H13: 0
... A96: 23:45-00:00 | B96: 0 | C96: 0 | D96: 0 | E96: 0 | F96: 0 | G96: 0 | H96: 0

Sheet Requisiti_psbo
A1: fasce | B1: Lun | C1: Mar | D1: Mer | E1: Gio | F1: Ven | G1: Sab | H1: Dom
A2: 00:15-00:30 | B2: 0 | C2: 0 | D2: 0 | E2: 0 | F2: 0 | G2: 0 | H2: 0
A3: 00:30-00:45 | B3: 0 | C3: 0 | D3: 0 | E3: 0 | F3: 0 | G3: 0 | H3: 0
A4: 00:45-01:00 | B4: 0 | C4: 0 | D4: 0 | E4: 0 | F4: 0 | G4: 0 | H4: 0
A5: 01:00-01:15 | B5: 0 | C5: 0 | D5: 0 | E5: 0 | F5: 0 | G5: 0 | H5: 0
A6: 01:15-01:30 | B6: 0 | C6: 0 | D6: 0 | E6: 0 | F6: 0 | G6: 0 | H6: 0
A7: 01:30-01:45 | B7: 0 | C7: 0 | D7: 0 | E7: 0 | F7: 0 | G7: 0 | H7: 0
A8: 01:45-02:00 | B8: 0 | C8: 0 | D8: 0 | E8: 0 | F8: 0 | G8: 0 | H8: 0
A9: 02:00-02:15 | B9: 0 | C9: 0 | D9: 0 | E9: 0 | F9: 0 | G9: 0 | H9: 0
A10: 02:15-02:30 | B10: 0 | C10: 0 | D10: 0 | E10: 0 | F10: 0 | G10: 0 | H10: 0
A11: 02:30-02:45 | B11: 0 | C11: 0 | D11: 0 | E11: 0 | F11: 0 | G11: 0 | H11: 0
A12: 02:45-03:00 | B12: 0 | C12: 0 | D12: 0 | E12: 0 | F12: 0 | G12: 0 | H12: 0
A13: 03:00-03:15 | B13: 0 | C13: 0 | D13: 0 | E13: 0 | F13: 0 | G13: 0 | H13: 0
... A96: 23:45-00:00 | B96: 0 | C96: 0 | D96: 0 | E96: 0 | F96: 0 | G96: 0 | H96: 0

Sheet Turni
A1: id turno | B1: entrata | C1: uscita | D1: Inzio spezzato | E1: Fine spezzato | F1: durata
A2: a1 | B2: 08:30 | C2: 12:30 | F2: 4
A3: a2 | B3: 08:30 | C3: 14:30 | F3: 6
A4: a3 | B4: 08:30 | C4: 0.52083333 | D4: 0.5625 | E4: 0.72916667 | F4: 8
A5: a4 | B5: 08:45 | C5: 12:45 | F5: 4
A6: a5 | B6: 08:45 | C6: 14:45 | F6: 6
A7: a6 | B7: 09:00 | C7: 13:00 | F7: 4
A8: a7 | B8: 09:00 | C8: 15:00 | F8: 6
A9: a8 | B9: 09:00 | C9: 0.54166667 | D9: 0.58333333 | E9: 0.75 | F9: 8
A10: a9 | B10: 09:15 | C10: 13:15 | F10: 4
A11: a10 | B11: 09:15 | C11: 15:15 | F11: 6
A12: a11 | B12: 09:30 | C12: 13:30 | F12: 4
A13: a12 | B13: 09:30 | C13: 15:30 | F13: 6
A14: a13 | B14: 09:30 | C14: 0.5625 | D14: 0.60416667 | E14: 0.77083333 | F14: 8
A15: a14 | B15: 09:45 | C15: 13:45 | F15: 4
A16: a15 | B16: 09:45 | C16: 15:45 | F16: 6
A17: a16 | B17: 10:00 | C17: 14:00 | F17: 4
A18: a17 | B18: 10:00 | C18: 16:00 | F18: 6
A19: a18 | B19: 10:00 | C19: 0.58333333 | D19: 0.625 | E19: 0.79166667 | F19: 8
A20: a19 | B20: 10:15 | C20: 14:15 | F20: 4
A21: a20 | B21: 10:15 | C21: 16:15 | F21: 6
A22: a21 | B22: 10:30 | C22: 14:30 | F22: 4
A23: a22 | B23: 10:30 | C23: 16:30 | F23: 6
A24: a23 | B24: 10:30 | C24: 0.60416667 | D24: 0.64583333 | E24: 0.8125 | F24: 8
A25: a24 | B25: 10:45 | C25: 14:45 | F25: 4
A26: a25 | B26: 10:45 | C26: 16:45 | F26: 6
A27: a26 | B27: 11:00 | C27: 15:00 | F27: 4
A28: a27 | B28: 11:00 | C28: 17:00 | F28: 6
A29: a28 | B29: 11:00 | C29: 0.625 | D29: 0.66666667 | E29: 0.83333333 | F29: 8
A30: a29 | B30: 11:15 | C30: 15:15 | F30: 4
A31: a30 | B31: 11:15 | C31: 17:15 | F31: 6
A32: a31 | B32: 11:30 | C32: 15:30 | F32: 4
A33: a32 | B33: 11:30 | C33: 17:30 | F33: 6
A34: a33 | B34: 11:30 | C34: 0.64583333 | D34: 0.6875 | E34: 0.85416667 | F34: 8
A35: a34 | B35: 11:45 | C35: 15:45 | F35: 4
A36: a35 | B36: 11:45 | C36: 17:45 | F36: 6
A37: a36 | B37: 12:00 | C37: 16:00 | F37: 4
A38: a37 | B38: 12:00 | C38: 18:00 | F38: 6
A39: a38 | B39: 12:00 | C39: 0.66666667 | D39: 0.70833333 | E39: 0.875 | F39: 8
A40: a39 | B40: 12:15 | C40: 16:15 | F40: 4
A41: a40 | B41: 12:15 | C41: 18:15 | F41: 6
A42: a41 | B42: 12:30 | C42: 16:30 | F42: 4
A43: a42 | B43: 12:30 | C43: 18:30 | F43: 6
A44: a43 | B44: 12:30 | C44: 0.6875 | D44: 0.72916667 | E44: 0.89583333 | F44: 8
A45: a44 | B45: 12:45 | C45: 16:45 | F45: 4
A46: a45 | B46: 12:45 | C46: 18:45 | F46: 6
A47: a46 | B47: 13:00 | C47: 17:00 | F47: 4
A48: a47 | B48: 13:00 | C48: 19:00 | F48: 6
A49: a48 | B49: 13:00 | C49: 0.70833333 | D49: 0.75 | E49: 0.91666667 | F49: 8
A50: a49 | B50: 13:15 | C50: 17:15 | F50: 4
A51: a50 | B51: 13:30 | C51: 17:30 | F51: 4
A52: a51 | B52: 13:30 | C52: 19:30 | F52: 6
A53: a52 | B53: 13:45 | C53: 17:45 | F53: 4
A54: a53 | B54: 13:45 | C54: 19:45 | F54: 6
A55: a54 | B55: 14:00 | C55: 18:00 | F55: 4
A56: a55 | B56: 14:00 | C56: 20:00 | F56: 6
A57: a56 | B57: 14:15 | C57: 18:15 | F57: 4
A58: a57 | B58: 14:30 | C58: 18:30 | F58: 4
A59: a58 | B59: 14:30 | C59: 20:30 | F59: 6
A60: a59 | B60: 14:40 | C60: 20:40 | F60: 6
A61: a60 | B61: 14:45 | C61: 18:45 | F61: 4
... A77: a76 | B77: 16:15 | C77: 20:15 | F77: 4
A78: a77 | B78: 08:45 | C78: 0.53125 | D78: 0.57291667 | E78: 0.73958333 | F78: 8
A79: a78 | B79: 09:15 | C79: 0.55208333 | D79: 0.59375 | E79: 0.76041667 | F79: 8
A80: a79 | B80: 09:45 | C80: 0.57291667 | D80: 0.61458333 | E80: 0.78125 | F80: 8
A81: a80 | B81: 10:15 | C81: 0.59375 | D81: 0.63541667 | E81: 0.80208333 | F81: 8
A82: a81 | B82: 10:45 | C82: 0.61458333 | D82: 0.65625 | E82: 0.82291667 | F82: 8
A83: a82 | B83: 11:15 | C83: 0.63541667 | D83: 0.67708333 | E83: 0.84375 | F83: 8
A84: a83 | B84: 11:45 | C84: 0.65625 | D84: 0.69791667 | E84: 0.86458333 | F84: 8
A85: a84 | B85: 12:15 | C85: 0.67708333 | D85: 0.71875 | E85: 0.88541667 | F85: 8
A86: a85 | B86: 12:45 | C86: 0.69791667 | D86: 0.73958333 | E86: 0.90625 | F86: 8
A87: a86 | B87: 08:30 | C87: 14:30 | F87: 6
A88: a87 | B88: 08:30 | C88: 0.52083333 | D88: 0.5625 | E88: 0.72916667 | F88: 8
A89: a88 | B89: 09:00 | C89: 13:00 | F89: 4
A90: a89 | B90: 09:00 | C90: 15:00 | F90: 6
A91: a90 | B91: 09:00 | C91: 0.54166667 | D91: 0.58333333 | E91: 0.75 | F91: 8
A92: a91 | B92: 09:30 | C92: 0.5625 | D92: 0.60416667 | E92: 0.77083333 | F92: 8
A93: a92 | B93: 10:00 | C93: 0.58333333 | D93: 0.625 | E93: 0.79166667 | F93: 8
A94: a93 | B94: 11:00 | C94: 17:00 | F94: 6
A95: a94 | B95: 11:00 | C95: 0.625 | D95: 0.66666667 | E95: 0.83333333 | F95: 8
A96: a95 | B96: 11:30 | C96: 0.64583333 | D96: 0.6875 | E96: 0.85416667 | F96: 8
A97: a96 | B97: 12:00 | C97: 0.66666667 | D97: 0.70833333 | E97: 0.875 | F97: 8
A98: a97 | B98: 12:30 | C98: 0.6875 | D98: 0.72916667 | E98: 0.89583333 | F98: 8
A99: a98 | B99: 13:00 | C99: 0.70833333 | D99: 0.75 | E99: 0.91666667 | F99: 8
A100: a99 | B100: 14:00 | C100: 20:00 | F100: 6
A101: a100 | B101: 11:45 | C101: 0.65625 | D101: 0.69791667 | E101: 0.86458333 | F101: 8
A102: a101 | B102: 0.33333333 | C102: 0.5 | F102: 4
A103: a102 | B103: 0.34375 | C103: 0.51041667 | F103: 4
A104: a103 | B104: 0.33333333 | C104: 0.5 | D104: 0.54166667 | E104: 0.70833333 | F104: 8
A105: a104 | B105: 0.34375 | C105: 0.51041667 | D105: 0.55208333 | E105: 0.71875 | F105: 8

Sheet Risorse
A1: id dipendente | B1: Nome | C1: Ore | D1: Riposi | E1: Inizio fascia | F1: Fine fascia | G1: sabato | H1: domenica | I1: OT lun | J1: OT mar | K1: OT mer | L1: OT gio | M1: OT ven | N1: OT sab | O1: OT dom | P1: OT Spezz | Q1: combinazione | R1: fuori fascia | S1: skill | T1: inizio fascia lun | U1: fine fascia lun | V1: inizio fascia mar | W1: fine fascia mar | X1: inizio fascia mer | Y1: fine fascia mer | Z1: inizio fascia gio | AA1: fine fascia gio | AB1: inizio fascia ven | AC1: fine fascia ven | AD1: inizio fasica sab | AE1: fine fascia sab | AF1: inizio fascia dom | AG1: fine fascia dom | AH1: Riposo weekend suggerito | AI1: Sab lavorati (8w) | AJ1: Dom lavorate (8w) | AK1: Suggerimento lavoro WE | AL1: % Sab lavorati | AM1: % Dom lavorate | AN1: % Mattine | AO1: % Pomeriggi | AP1: % Sere | AQ1: WE doppi (Sab+Dom) | AR1: % WE doppi (Sab+Dom) | AS1: Seq Sab 0/1 (old?recent) | AT1: Seq Dom 0/1 (old?recent) | AU1: Sab lavorativi nel mese (ult. week) | AV1: Dom lavorative nel mese (ult. week) | AW1: >7 consecutivi (ult. 2w?) | AX1: Riposo da pianificare (prossima week)
A2: cf2 | B2: Ferranti Margherita | C2: 20 | D2: 2 | E2: 0.625 | F2: 0.875 | H2: Riposo | Q2: 4-4-4-4-4 | R2: 1 | S2: cmb | AH2: {=+IFERROR(_xlfn.XLOOKUP($B2,INDIRECT("'[storico profut.xlsm]Consiglio_Week'!$B:$B"),INDIRECT("'[storico profut.xlsm]Consiglio_Week'!$I:$I")),"")} | AI2: {=+IFERROR(_xlfn.XLOOKUP($B2,INDIRECT("'[storico profut.xlsm]Consiglio_Week'!$B:$B"),INDIRECT("'[storico profut.xlsm]Consiglio_Week'!$L:$L")),"")} | AJ2: {=+IFERROR(_xlfn.XLOOKUP($B2,INDIRECT("'[storico profut.xlsm]Consiglio_Week'!$B:$B"),INDIRECT("'[storico profut.xlsm]Consiglio_Week'!$M:$M")),"")} | AK2: {=+IFERROR(_xlfn.XLOOKUP($B2,INDIRECT("'[storico profut.xlsm]Consiglio_Week'!$B:$B"),INDIRECT("'[storico profut.xlsm]Consiglio_Week'!$P:$P")),"")} | AL2: {=IFERROR( _xlfn.XLOOKUP( $B2, INDIRECT("'[storico profut.xlsm]Consiglio_Week'!B:B"), OFFSET( INDIRECT("'[storico profut.xlsm]Consiglio_Week'!$R:$R"), 0, COLUMNS($A:A)-1 ) ), "" )} | AM2: {=IFERROR( _xlfn.XLOOKUP( $B2, INDIRECT("'[storico profut.xlsm]Consiglio_Week'!B:B"), OFFSET( INDIRECT("'[storico profut.xlsm]Consiglio_Week'!$R:$R"), 0, COLUMNS($A:B)-1 ) ), "" )} | AN2: {=IFERROR( _xlfn.XLOOKUP( $B2, INDIRECT("'[storico profut.xlsm]Consiglio_Week'!B:B"), OFFSET( INDIRECT("'[storico profut.xlsm]Consiglio_Week'!$R:$R"), 0, COLUMNS($A:C)-1 ) ), "" )} | AO2: {=IFERROR( _xlfn.XLOOKUP( $B2, INDIRECT("'[storico profut.xlsm]Consiglio_Week'!B:B"), OFFSET( INDIRECT("'[storico profut.xlsm]Consiglio_Week'!$R:$R"), 0, COLUMNS($A:D)-1 ) ), "" )} | AP2: {=IFERROR( _xlfn.XLOOKUP( $B2, INDIRECT("'[storico profut.xlsm]Consiglio_Week'!B:B"), OFFSET( INDIRECT("'[storico profut.xlsm]Consiglio_Week'!$R:$R"), 0, COLUMNS($A:E)-1 ) ), "" )} | AQ2: {=IFERROR( _xlfn.XLOOKUP( $B2, INDIRECT("'[storico profut.xlsm]Consiglio_Week'!B:B"), OFFSET( INDIRECT("'[storico profut.xlsm]Consiglio_Week'!$R:$R"), 0, COLUMNS($A:F)-1 ) ), "" )} | AR2: {=IFERROR( _xlfn.XLOOKUP( $B2, INDIRECT("'[storico profut.xlsm]Consiglio_Week'!B:B"), OFFSET( INDIRECT("'[storico profut.xlsm]Consiglio_Week'!$R:$R"), 0, COLUMNS($A:G)-1 ) ), "" )} | AS2: {=IFERROR( _xlfn.XLOOKUP( $B2, INDIRECT("'[storico profut.xlsm]Consiglio_Week'!B:B"), OFFSET( INDIRECT("'[storico profut.xlsm]Consiglio_Week'!$R:$R"), 0, COLUMNS($A:H)-1 ) ), "" )} | AT2: {=IFERROR( _xlfn.XLOOKUP( $B2, INDIRECT("'[storico profut.xlsm]Consiglio_Week'!B:B"), OFFSET( INDIRECT("'[storico profut.xlsm]Consiglio_Week'!$R:$R"), 0, COLUMNS($A:I)-1 ) ), "" )} | AU2: {=IFERROR( _xlfn.XLOOKUP( $B2, INDIRECT("'[storico profut.xlsm]Consiglio_Week'!B:B"), OFFSET( INDIRECT("'[storico profut.xlsm]Consiglio_Week'!$R:$R"), 0, COLUMNS($A:J)-1 ) ), "" )} | AV2: {=IFERROR( _xlfn.XLOOKUP( $B2, INDIRECT("'[storico profut.xlsm]Consiglio_Week'!B:B"), OFFSET( INDIRECT("'[storico profut.xlsm]Consiglio_Week'!$R:$R"), 0, COLUMNS($A:K)-1 ) ), "" )} | AW2: {=IFERROR( _xlfn.XLOOKUP( $B2, INDIRECT("'[storico profut.xlsm]Consiglio_Week'!B:B"), OFFSET( INDIRECT("'[storico profut.xlsm]Consiglio_Week'!$R:$R"), 0, COLUMNS($A:L)-1 ) ), "" )} | AX2: {=IFERROR( _xlfn.XLOOKUP( $B2, INDIRECT("'[storico profut.xlsm]Consiglio_Week'!B:B"), OFFSET( INDIRECT("'[storico profut.xlsm]Consiglio_Week'!$R:$R"), 0, COLUMNS($A:M)-1 ) ), "" )} | AY2: 0
A3: cf3 | B3: Inserra Maria Rita | C3: 20 | D3: 2 | E3: 0.625 | F3: 0.875 | H3: Riposo | Q3: 4-4-4-4-4 | R3: 1 | S3: cmb | AH3: {=+IFERROR(_xlfn.XLOOKUP($B3,INDIRECT("'[storico profut.xlsm]Consiglio_Week'!$B:$B"),INDIRECT("'[storico profut.xlsm]Consiglio_Week'!$I:$I")),"")} | AI3: {=+IFERROR(_xlfn.XLOOKUP($B3,INDIRECT("'[storico profut.xlsm]Consiglio_Week'!$B:$B"),INDIRECT("'[storico profut.xlsm]Consiglio_Week'!$L:$L")),"")} | AJ3: {=+IFERROR(_xlfn.XLOOKUP($B3,INDIRECT("'[storico profut.xlsm]Consiglio_Week'!$B:$B"),INDIRECT("'[storico profut.xlsm]Consiglio_Week'!$M:$M")),"")} | AK3: {=+IFERROR(_xlfn.XLOOKUP($B3,INDIRECT("'[storico profut.xlsm]Consiglio_Week'!$B:$B"),INDIRECT("'[storico profut.xlsm]Consiglio_Week'!$P:$P")),"")} | AL3: {=IFERROR( _xlfn.XLOOKUP( $B3, INDIRECT("'[storico profut.xlsm]Consiglio_Week'!B:B"), OFFSET( INDIRECT("'[storico profut.xlsm]Consiglio_Week'!$R:$R"), 0, COLUMNS($A:A)-1 ) ), "" )} | AM3: {=IFERROR( _xlfn.XLOOKUP( $B3, INDIRECT("'[storico profut.xlsm]Consiglio_Week'!B:B"), OFFSET( INDIRECT("'[storico profut.xlsm]Consiglio_Week'!$R:$R"), 0, COLUMNS($A:B)-1 ) ), "" )} | AN3: {=IFERROR( _xlfn.XLOOKUP( $B3, INDIRECT("'[storico profut.xlsm]Consiglio_Week'!B:B"), OFFSET( INDIRECT("'[storico profut.xlsm]Consiglio_Week'!$R:$R"), 0, COLUMNS($A:C)-1 ) ), "" )} | AO3: {=IFERROR( _xlfn.XLOOKUP( $B3, INDIRECT("'[storico profut.xlsm]Consiglio_Week'!B:B"), OFFSET( INDIRECT("'[storico profut.xlsm]Consiglio_Week'!$R:$R"), 0, COLUMNS($A:D)-1 ) ), "" )} | AP3: {=IFERROR( _xlfn.XLOOKUP( $B3, INDIRECT("'[storico profut.xlsm]Consiglio_Week'!B:B"), OFFSET( INDIRECT("'[storico profut.xlsm]Consiglio_Week'!$R:$R"), 0, COLUMNS($A:E)-1 ) ), "" )} | AQ3: {=IFERROR( _xlfn.XLOOKUP( $B3, INDIRECT("'[storico profut.xlsm]Consiglio_Week'!B:B"), OFFSET( INDIRECT("'[storico profut.xlsm]Consiglio_Week'!$R:$R"), 0, COLUMNS($A:F)-1 ) ), "" )} | AR3: {=IFERROR( _xlfn.XLOOKUP( $B3, INDIRECT("'[storico profut.xlsm]Consiglio_Week'!B:B"), OFFSET( INDIRECT("'[storico profut.xlsm]Consiglio_Week'!$R:$R"), 0, COLUMNS($A:G)-1 ) ), "" )} | AS3: {=IFERROR( _xlfn.XLOOKUP( $B3, INDIRECT("'[storico profut.xlsm]Consiglio_Week'!B:B"), OFFSET( INDIRECT("'[storico profut.xlsm]Consiglio_Week'!$R:$R"), 0, COLUMNS($A:H)-1 ) ), "" )} | AT3: {=IFERROR( _xlfn.XLOOKUP( $B3, INDIRECT("'[storico profut.xlsm]Consiglio_Week'!B:B"), OFFSET( INDIRECT("'[storico profut.xlsm]Consiglio_Week'!$R:$R"), 0, COLUMNS($A:I)-1 ) ), "" )} | AU3: {=IFERROR( _xlfn.XLOOKUP( $B3, INDIRECT("'[storico profut.xlsm]Consiglio_Week'!B:B"), OFFSET( INDIRECT("'[storico profut.xlsm]Consiglio_Week'!$R:$R"), 0, COLUMNS($A:J)-1 ) ), "" )} | AV3: {=IFERROR( _xlfn.XLOOKUP( $B3, INDIRECT("'[storico profut.xlsm]Consiglio_Week'!B:B"), OFFSET( INDIRECT("'[storico profut.xlsm]Consiglio_Week'!$R:$R"), 0, COLUMNS($A:K)-1 ) ), "" )} | AW3: {=IFERROR( _xlfn.XLOOKUP( $B3, INDIRECT("'[storico profut.xlsm]Consiglio_Week'!B:B"), OFFSET( INDIRECT("'[storico profut.xlsm]Consiglio_Week'!$R:$R"), 0, COLUMNS($A:L)-1 ) ), "" )} | AX3: {=IFERROR( _xlfn.XLOOKUP( $B3, INDIRECT("'[storico profut.xlsm]Consiglio_Week'!B:B"), OFFSET( INDIRECT("'[storico profut.xlsm]Consiglio_Week'!$R:$R"), 0, COLUMNS($A:M)-1 ) ), "" )} | AY3: 0
A4: cf6 | B4: Petta Vanessa | C4: 20 | D4: 2 | E4: 0.375 | F4: 0.625 | H4: Riposo | Q4: 4-4-4-4-4 | R4: 1 | S4: cmb | AH4: {=+IFERROR(_xlfn.XLOOKUP($B4,INDIRECT("'[storico profut.xlsm]Consiglio_Week'!$B:$B"),INDIRECT("'[storico profut.xlsm]Consiglio_Week'!$I:$I")),"")} | AI4: {=+IFERROR(_xlfn.XLOOKUP($B4,INDIRECT("'[storico profut.xlsm]Consiglio_Week'!$B:$B"),INDIRECT("'[storico profut.xlsm]Consiglio_Week'!$L:$L")),"")} | AJ4: {=+IFERROR(_xlfn.XLOOKUP($B4,INDIRECT("'[storico profut.xlsm]Consiglio_Week'!$B:$B"),INDIRECT("'[storico profut.xlsm]Consiglio_Week'!$M:$M")),"")} | AK4: {=+IFERROR(_xlfn.XLOOKUP($B4,INDIRECT("'[storico profut.xlsm]Consiglio_Week'!$B:$B"),INDIRECT("'[storico profut.xlsm]Consiglio_Week'!$P:$P")),"")} | AL4: {=IFERROR( _xlfn.XLOOKUP( $B4, INDIRECT("'[storico profut.xlsm]Consiglio_Week'!B:B"), OFFSET( INDIRECT("'[storico profut.xlsm]Consiglio_Week'!$R:$R"), 0, COLUMNS($A:A)-1 ) ), "" )} | AM4: {=IFERROR( _xlfn.XLOOKUP( $B4, INDIRECT("'[storico profut.xlsm]Consiglio_Week'!B:B"), OFFSET( INDIRECT("'[storico profut.xlsm]Consiglio_Week'!$R:$R"), 0, COLUMNS($A:B)-1 ) ), "" )} | AN4: {=IFERROR( _xlfn.XLOOKUP( $B4, INDIRECT("'[storico profut.xlsm]Consiglio_Week'!B:B"), OFFSET( INDIRECT("'[storico profut.xlsm]Consiglio_Week'!$R:$R"), 0, COLUMNS($A:C)-1 ) ), "" )} | AO4: {=IFERROR( _xlfn.XLOOKUP( $B4, INDIRECT("'[storico profut.xlsm]Consiglio_Week'!B:B"), OFFSET( INDIRECT("'[storico profut.xlsm]Consiglio_Week'!$R:$R"), 0, COLUMNS($A:D)-1 ) ), "" )} | AP4: {=IFERROR( _xlfn.XLOOKUP( $B4, INDIRECT("'[storico profut.xlsm]Consiglio_Week'!B:B"), OFFSET( INDIRECT("'[storico profut.xlsm]Consiglio_Week'!$R:$R"), 0, COLUMNS($A:E)-1 ) ), "" )} | AQ4: {=IFERROR( _xlfn.XLOOKUP( $B4, INDIRECT("'[storico profut.xlsm]Consiglio_Week'!B:B"), OFFSET( INDIRECT("'[storico profut.xlsm]Consiglio_Week'!$R:$R"), 0, COLUMNS($A:F)-1 ) ), "" )} | AR4: {=IFERROR( _xlfn.XLOOKUP( $B4, INDIRECT("'[storico profut.xlsm]Consiglio_Week'!B:B"), OFFSET( INDIRECT("'[storico profut.xlsm]Consiglio_Week'!$R:$R"), 0, COLUMNS($A:G)-1 ) ), "" )} | AS4: {=IFERROR( _xlfn.XLOOKUP( $B4, INDIRECT("'[storico profut.xlsm]Consiglio_Week'!B:B"), OFFSET( INDIRECT("'[storico profut.xlsm]Consiglio_Week'!$R:$R"), 0, COLUMNS($A:H)-1 ) ), "" )} | AT4: {=IFERROR( _xlfn.XLOOKUP( $B4, INDIRECT("'[storico profut.xlsm]Consiglio_Week'!B:B"), OFFSET( INDIRECT("'[storico profut.xlsm]Consiglio_Week'!$R:$R"), 0, COLUMNS($A:I)-1 ) ), "" )} | AU4: {=IFERROR( _xlfn.XLOOKUP( $B4, INDIRECT("'[storico profut.xlsm]Consiglio_Week'!B:B"), OFFSET( INDIRECT("'[storico profut.xlsm]Consiglio_Week'!$R:$R"), 0, COLUMNS($A:J)-1 ) ), "" )} | AV4: {=IFERROR( _xlfn.XLOOKUP( $B4, INDIRECT("'[storico profut.xlsm]Consiglio_Week'!B:B"), OFFSET( INDIRECT("'[storico profut.xlsm]Consiglio_Week'!$R:$R"), 0, COLUMNS($A:K)-1 ) ), "" )} | AW4: {=IFERROR( _xlfn.XLOOKUP( $B4, INDIRECT("'[storico profut.xlsm]Consiglio_Week'!B:B"), OFFSET( INDIRECT("'[storico profut.xlsm]Consiglio_Week'!$R:$R"), 0, COLUMNS($A:L)-1 ) ), "" )} | AX4: {=IFERROR( _xlfn.XLOOKUP( $B4, INDIRECT("'[storico profut.xlsm]Consiglio_Week'!B:B"), OFFSET( INDIRECT("'[storico profut.xlsm]Consiglio_Week'!$R:$R"), 0, COLUMNS($A:M)-1 ) ), "" )} | AY4: 0
A5: cf8 | B5: Sole Valentina | C5: 20 | D5: 2 | E5: 0.375 | F5: 0.625 | H5: Riposo | Q5: 4-4-4-4-4 | R5: 1 | S5: cmb | AH5: {=+IFERROR(_xlfn.XLOOKUP($B5,INDIRECT("'[storico profut.xlsm]Consiglio_Week'!$B:$B"),INDIRECT("'[storico profut.xlsm]Consiglio_Week'!$I:$I")),"")} | AI5: {=+IFERROR(_xlfn.XLOOKUP($B5,INDIRECT("'[storico profut.xlsm]Consiglio_Week'!$B:$B"),INDIRECT("'[storico profut.xlsm]Consiglio_Week'!$L:$L")),"")} | AJ5: {=+IFERROR(_xlfn.XLOOKUP($B5,INDIRECT("'[storico profut.xlsm]Consiglio_Week'!$B:$B"),INDIRECT("'[storico profut.xlsm]Consiglio_Week'!$M:$M")),"")} | AK5: {=+IFERROR(_xlfn.XLOOKUP($B5,INDIRECT("'[storico profut.xlsm]Consiglio_Week'!$B:$B"),INDIRECT("'[storico profut.xlsm]Consiglio_Week'!$P:$P")),"")} | AL5: {=IFERROR( _xlfn.XLOOKUP( $B5, INDIRECT("'[storico profut.xlsm]Consiglio_Week'!B:B"), OFFSET( INDIRECT("'[storico profut.xlsm]Consiglio_Week'!$R:$R"), 0, COLUMNS($A:A)-1 ) ), "" )} | AM5: {=IFERROR( _xlfn.XLOOKUP( $B5, INDIRECT("'[storico profut.xlsm]Consiglio_Week'!B:B"), OFFSET( INDIRECT("'[storico profut.xlsm]Consiglio_Week'!$R:$R"), 0, COLUMNS($A:B)-1 ) ), "" )} | AN5: {=IFERROR( _xlfn.XLOOKUP( $B5, INDIRECT("'[storico profut.xlsm]Consiglio_Week'!B:B"), OFFSET( INDIRECT("'[storico profut.xlsm]Consiglio_Week'!$R:$R"), 0, COLUMNS($A:C)-1 ) ), "" )} | AO5: {=IFERROR( _xlfn.XLOOKUP( $B5, INDIRECT("'[storico profut.xlsm]Consiglio_Week'!B:B"), OFFSET( INDIRECT("'[storico profut.xlsm]Consiglio_Week'!$R:$R"), 0, COLUMNS($A:D)-1 ) ), "" )} | AP5: {=IFERROR( _xlfn.XLOOKUP( $B5, INDIRECT("'[storico profut.xlsm]Consiglio_Week'!B:B"), OFFSET( INDIRECT("'[storico profut.xlsm]Consiglio_Week'!$R:$R"), 0, COLUMNS($A:E)-1 ) ), "" )} | AQ5: {=IFERROR( _xlfn.XLOOKUP( $B5, INDIRECT("'[storico profut.xlsm]Consiglio_Week'!B:B"), OFFSET( INDIRECT("'[storico profut.xlsm]Consiglio_Week'!$R:$R"), 0, COLUMNS($A:F)-1 ) ), "" )} | AR5: {=IFERROR( _xlfn.XLOOKUP( $B5, INDIRECT("'[storico profut.xlsm]Consiglio_Week'!B:B"), OFFSET( INDIRECT("'[storico profut.xlsm]Consiglio_Week'!$R:$R"), 0, COLUMNS($A:G)-1 ) ), "" )} | AS5: {=IFERROR( _xlfn.XLOOKUP( $B5, INDIRECT("'[storico profut.xlsm]Consiglio_Week'!B:B"), OFFSET( INDIRECT("'[storico profut.xlsm]Consiglio_Week'!$R:$R"), 0, COLUMNS($A:H)-1 ) ), "" )} | AT5: {=IFERROR( _xlfn.XLOOKUP( $B5, INDIRECT("'[storico profut.xlsm]Consiglio_Week'!B:B"), OFFSET( INDIRECT("'[storico profut.xlsm]Consiglio_Week'!$R:$R"), 0, COLUMNS($A:I)-1 ) ), "" )} | AU5: {=IFERROR( _xlfn.XLOOKUP( $B5, INDIRECT("'[storico profut.xlsm]Consiglio_Week'!B:B"), OFFSET( INDIRECT("'[storico profut.xlsm]Consiglio_Week'!$R:$R"), 0, COLUMNS($A:J)-1 ) ), "" )} | AV5: {=IFERROR( _xlfn.XLOOKUP( $B5, INDIRECT("'[storico profut.xlsm]Consiglio_Week'!B:B"), OFFSET( INDIRECT("'[storico profut.xlsm]Consiglio_Week'!$R:$R"), 0, COLUMNS($A:K)-1 ) ), "" )} | AW5: {=IFERROR( _xlfn.XLOOKUP( $B5, INDIRECT("'[storico profut.xlsm]Consiglio_Week'!B:B"), OFFSET( INDIRECT("'[storico profut.xlsm]Consiglio_Week'!$R:$R"), 0, COLUMNS($A:L)-1 ) ), "" )} | AX5: {=IFERROR( _xlfn.XLOOKUP( $B5, INDIRECT("'[storico profut.xlsm]Consiglio_Week'!B:B"), OFFSET( INDIRECT("'[storico profut.xlsm]Consiglio_Week'!$R:$R"), 0, COLUMNS($A:M)-1 ) ), "" )} | AY5: 0
A6: cf13 | B6: Albanese Carmelino | C6: 20 | D6: 2 | E6: 0.375 | F6: 0.625 | H6: Riposo | Q6: 4-4-4-4-4 | R6: 1 | S6: cmb | AH6: {=+IFERROR(_xlfn.XLOOKUP($B6,INDIRECT("'[storico profut.xlsm]Consiglio_Week'!$B:$B"),INDIRECT("'[storico profut.xlsm]Consiglio_Week'!$I:$I")),"")} | AI6: {=+IFERROR(_xlfn.XLOOKUP($B6,INDIRECT("'[storico profut.xlsm]Consiglio_Week'!$B:$B"),INDIRECT("'[storico profut.xlsm]Consiglio_Week'!$L:$L")),"")} | AJ6: {=+IFERROR(_xlfn.XLOOKUP($B6,INDIRECT("'[storico profut.xlsm]Consiglio_Week'!$B:$B"),INDIRECT("'[storico profut.xlsm]Consiglio_Week'!$M:$M")),"")} | AK6: {=+IFERROR(_xlfn.XLOOKUP($B6,INDIRECT("'[storico profut.xlsm]Consiglio_Week'!$B:$B"),INDIRECT("'[storico profut.xlsm]Consiglio_Week'!$P:$P")),"")} | AL6: {=IFERROR( _xlfn.XLOOKUP( $B6, INDIRECT("'[storico profut.xlsm]Consiglio_Week'!B:B"), OFFSET( INDIRECT("'[storico profut.xlsm]Consiglio_Week'!$R:$R"), 0, COLUMNS($A:A)-1 ) ), "" )} | AM6: {=IFERROR( _xlfn.XLOOKUP( $B6, INDIRECT("'[storico profut.xlsm]Consiglio_Week'!B:B"), OFFSET( INDIRECT("'[storico profut.xlsm]Consiglio_Week'!$R:$R"), 0, COLUMNS($A:B)-1 ) ), "" )} | AN6: {=IFERROR( _xlfn.XLOOKUP( $B6, INDIRECT("'[storico profut.xlsm]Consiglio_Week'!B:B"), OFFSET( INDIRECT("'[storico profut.xlsm]Consiglio_Week'!$R:$R"), 0, COLUMNS($A:C)-1 ) ), "" )} | AO6: {=IFERROR( _xlfn.XLOOKUP( $B6, INDIRECT("'[storico profut.xlsm]Consiglio_Week'!B:B"), OFFSET( INDIRECT("'[storico profut.xlsm]Consiglio_Week'!$R:$R"), 0, COLUMNS($A:D)-1 ) ), "" )} | AP6: {=IFERROR( _xlfn.XLOOKUP( $B6, INDIRECT("'[storico profut.xlsm]Consiglio_Week'!B:B"), OFFSET( INDIRECT("'[storico profut.xlsm]Consiglio_Week'!$R:$R"), 0, COLUMNS($A:E)-1 ) ), "" )} | AQ6: {=IFERROR( _xlfn.XLOOKUP( $B6, INDIRECT("'[storico profut.xlsm]Consiglio_Week'!B:B"), OFFSET( INDIRECT("'[storico profut.xlsm]Consiglio_Week'!$R:$R"), 0, COLUMNS($A:F)-1 ) ), "" )} | AR6: {=IFERROR( _xlfn.XLOOKUP( $B6, INDIRECT("'[storico profut.xlsm]Consiglio_Week'!B:B"), OFFSET( INDIRECT("'[storico profut.xlsm]Consiglio_Week'!$R:$R"), 0, COLUMNS($A:G)-1 ) ), "" )} | AS6: {=IFERROR( _xlfn.XLOOKUP( $B6, INDIRECT("'[storico profut.xlsm]Consiglio_Week'!B:B"), OFFSET( INDIRECT("'[storico profut.xlsm]Consiglio_Week'!$R:$R"), 0, COLUMNS($A:H)-1 ) ), "" )} | AT6: {=IFERROR( _xlfn.XLOOKUP( $B6, INDIRECT("'[storico profut.xlsm]Consiglio_Week'!B:B"), OFFSET( INDIRECT("'[storico profut.xlsm]Consiglio_Week'!$R:$R"), 0, COLUMNS($A:I)-1 ) ), "" )} | AU6: {=IFERROR( _xlfn.XLOOKUP( $B6, INDIRECT("'[storico profut.xlsm]Consiglio_Week'!B:B"), OFFSET( INDIRECT("'[storico profut.xlsm]Consiglio_Week'!$R:$R"), 0, COLUMNS($A:J)-1 ) ), "" )} | AV6: {=IFERROR( _xlfn.XLOOKUP( $B6, INDIRECT("'[storico profut.xlsm]Consiglio_Week'!B:B"), OFFSET( INDIRECT("'[storico profut.xlsm]Consiglio_Week'!$R:$R"), 0, COLUMNS($A:K)-1 ) ), "" )} | AW6: {=IFERROR( _xlfn.XLOOKUP( $B6, INDIRECT("'[storico profut.xlsm]Consiglio_Week'!B:B"), OFFSET( INDIRECT("'[storico profut.xlsm]Consiglio_Week'!$R:$R"), 0, COLUMNS($A:L)-1 ) ), "" )} | AX6: {=IFERROR( _xlfn.XLOOKUP( $B6, INDIRECT("'[storico profut.xlsm]Consiglio_Week'!B:B"), OFFSET( INDIRECT("'[storico profut.xlsm]Consiglio_Week'!$R:$R"), 0, COLUMNS($A:M)-1 ) ), "" )} | AY6: 0
A7: cf14 | B7: Borsellino Antonino | C7: 20 | D7: 2 | E7: 0.66666667 | F7: 0.83333333 | H7: Riposo | Q7: 4-4-4-4-4 | R7: 0 | S7: cmb | AH7: {=+IFERROR(_xlfn.XLOOKUP($B7,INDIRECT("'[storico profut.xlsm]Consiglio_Week'!$B:$B"),INDIRECT("'[storico profut.xlsm]Consiglio_Week'!$I:$I")),"")} | AI7: {=+IFERROR(_xlfn.XLOOKUP($B7,INDIRECT("'[storico profut.xlsm]Consiglio_Week'!$B:$B"),INDIRECT("'[storico profut.xlsm]Consiglio_Week'!$L:$L")),"")} | AJ7: {=+IFERROR(_xlfn.XLOOKUP($B7,INDIRECT("'[storico profut.xlsm]Consiglio_Week'!$B:$B"),INDIRECT("'[storico profut.xlsm]Consiglio_Week'!$M:$M")),"")} | AK7: {=+IFERROR(_xlfn.XLOOKUP($B7,INDIRECT("'[storico profut.xlsm]Consiglio_Week'!$B:$B"),INDIRECT("'[storico profut.xlsm]Consiglio_Week'!$P:$P")),"")} | AL7: {=IFERROR( _xlfn.XLOOKUP( $B7, INDIRECT("'[storico profut.xlsm]Consiglio_Week'!B:B"), OFFSET( INDIRECT("'[storico profut.xlsm]Consiglio_Week'!$R:$R"), 0, COLUMNS($A:A)-1 ) ), "" )} | AM7: {=IFERROR( _xlfn.XLOOKUP( $B7, INDIRECT("'[storico profut.xlsm]Consiglio_Week'!B:B"), OFFSET( INDIRECT("'[storico profut.xlsm]Consiglio_Week'!$R:$R"), 0, COLUMNS($A:B)-1 ) ), "" )} | AN7: {=IFERROR( _xlfn.XLOOKUP( $B7, INDIRECT("'[storico profut.xlsm]Consiglio_Week'!B:B"), OFFSET( INDIRECT("'[storico profut.xlsm]Consiglio_Week'!$R:$R"), 0, COLUMNS($A:C)-1 ) ), "" )} | AO7: {=IFERROR( _xlfn.XLOOKUP( $B7, INDIRECT("'[storico profut.xlsm]Consiglio_Week'!B:B"), OFFSET( INDIRECT("'[storico profut.xlsm]Consiglio_Week'!$R:$R"), 0, COLUMNS($A:D)-1 ) ), "" )} | AP7: {=IFERROR( _xlfn.XLOOKUP( $B7, INDIRECT("'[storico profut.xlsm]Consiglio_Week'!B:B"), OFFSET( INDIRECT("'[storico profut.xlsm]Consiglio_Week'!$R:$R"), 0, COLUMNS($A:E)-1 ) ), "" )} | AQ7: {=IFERROR( _xlfn.XLOOKUP( $B7, INDIRECT("'[storico profut.xlsm]Consiglio_Week'!B:B"), OFFSET( INDIRECT("'[storico profut.xlsm]Consiglio_Week'!$R:$R"), 0, COLUMNS($A:F)-1 ) ), "" )} | AR7: {=IFERROR( _xlfn.XLOOKUP( $B7, INDIRECT("'[storico profut.xlsm]Consiglio_Week'!B:B"), OFFSET( INDIRECT("'[storico profut.xlsm]Consiglio_Week'!$R:$R"), 0, COLUMNS($A:G)-1 ) ), "" )} | AS7: {=IFERROR( _xlfn.XLOOKUP( $B7, INDIRECT("'[storico profut.xlsm]Consiglio_Week'!B:B"), OFFSET( INDIRECT("'[storico profut.xlsm]Consiglio_Week'!$R:$R"), 0, COLUMNS($A:H)-1 ) ), "" )} | AT7: {=IFERROR( _xlfn.XLOOKUP( $B7, INDIRECT("'[storico profut.xlsm]Consiglio_Week'!B:B"), OFFSET( INDIRECT("'[storico profut.xlsm]Consiglio_Week'!$R:$R"), 0, COLUMNS($A:I)-1 ) ), "" )} | AU7: {=IFERROR( _xlfn.XLOOKUP( $B7, INDIRECT("'[storico profut.xlsm]Consiglio_Week'!B:B"), OFFSET( INDIRECT("'[storico profut.xlsm]Consiglio_Week'!$R:$R"), 0, COLUMNS($A:J)-1 ) ), "" )} | AV7: {=IFERROR( _xlfn.XLOOKUP( $B7, INDIRECT("'[storico profut.xlsm]Consiglio_Week'!B:B"), OFFSET( INDIRECT("'[storico profut.xlsm]Consiglio_Week'!$R:$R"), 0, COLUMNS($A:K)-1 ) ), "" )} | AW7: {=IFERROR( _xlfn.XLOOKUP( $B7, INDIRECT("'[storico profut.xlsm]Consiglio_Week'!B:B"), OFFSET( INDIRECT("'[storico profut.xlsm]Consiglio_Week'!$R:$R"), 0, COLUMNS($A:L)-1 ) ), "" )} | AX7: {=IFERROR( _xlfn.XLOOKUP( $B7, INDIRECT("'[storico profut.xlsm]Consiglio_Week'!B:B"), OFFSET( INDIRECT("'[storico profut.xlsm]Consiglio_Week'!$R:$R"), 0, COLUMNS($A:M)-1 ) ), "" )} | AY7: solo turno 16-20
A8: cf21 | B8: Burgio Rosa | C8: 20 | D8: 2 | E8: 0.625 | F8: 0.875 | H8: Riposo | Q8: 4-4-4-4-4 | R8: 1 | S8: cmb | AH8: {=+IFERROR(_xlfn.XLOOKUP($B8,INDIRECT("'[storico profut.xlsm]Consiglio_Week'!$B:$B"),INDIRECT("'[storico profut.xlsm]Consiglio_Week'!$I:$I")),"")} | AI8: {=+IFERROR(_xlfn.XLOOKUP($B8,INDIRECT("'[storico profut.xlsm]Consiglio_Week'!$B:$B"),INDIRECT("'[storico profut.xlsm]Consiglio_Week'!$L:$L")),"")} | AJ8: {=+IFERROR(_xlfn.XLOOKUP($B8,INDIRECT("'[storico profut.xlsm]Consiglio_Week'!$B:$B"),INDIRECT("'[storico profut.xlsm]Consiglio_Week'!$M:$M")),"")} | AK8: {=+IFERROR(_xlfn.XLOOKUP($B8,INDIRECT("'[storico profut.xlsm]Consiglio_Week'!$B:$B"),INDIRECT("'[storico profut.xlsm]Consiglio_Week'!$P:$P")),"")} | AL8: {=IFERROR( _xlfn.XLOOKUP( $B8, INDIRECT("'[storico profut.xlsm]Consiglio_Week'!B:B"), OFFSET( INDIRECT("'[storico profut.xlsm]Consiglio_Week'!$R:$R"), 0, COLUMNS($A:A)-1 ) ), "" )} | AM8: {=IFERROR( _xlfn.XLOOKUP( $B8, INDIRECT("'[storico profut.xlsm]Consiglio_Week'!B:B"), OFFSET( INDIRECT("'[storico profut.xlsm]Consiglio_Week'!$R:$R"), 0, COLUMNS($A:B)-1 ) ), "" )} | AN8: {=IFERROR( _xlfn.XLOOKUP( $B8, INDIRECT("'[storico profut.xlsm]Consiglio_Week'!B:B"), OFFSET( INDIRECT("'[storico profut.xlsm]Consiglio_Week'!$R:$R"), 0, COLUMNS($A:C)-1 ) ), "" )} | AO8: {=IFERROR( _xlfn.XLOOKUP( $B8, INDIRECT("'[storico profut.xlsm]Consiglio_Week'!B:B"), OFFSET( INDIRECT("'[storico profut.xlsm]Consiglio_Week'!$R:$R"), 0, COLUMNS($A:D)-1 ) ), "" )} | AP8: {=IFERROR( _xlfn.XLOOKUP( $B8, INDIRECT("'[storico profut.xlsm]Consiglio_Week'!B:B"), OFFSET( INDIRECT("'[storico profut.xlsm]Consiglio_Week'!$R:$R"), 0, COLUMNS($A:E)-1 ) ), "" )} | AQ8: {=IFERROR( _xlfn.XLOOKUP( $B8, INDIRECT("'[storico profut.xlsm]Consiglio_Week'!B:B"), OFFSET( INDIRECT("'[storico profut.xlsm]Consiglio_Week'!$R:$R"), 0, COLUMNS($A:F)-1 ) ), "" )} | AR8: {=IFERROR( _xlfn.XLOOKUP( $B8, INDIRECT("'[storico profut.xlsm]Consiglio_Week'!B:B"), OFFSET( INDIRECT("'[storico profut.xlsm]Consiglio_Week'!$R:$R"), 0, COLUMNS($A:G)-1 ) ), "" )} | AS8: {=IFERROR( _xlfn.XLOOKUP( $B8, INDIRECT("'[storico profut.xlsm]Consiglio_Week'!B:B"), OFFSET( INDIRECT("'[storico profut.xlsm]Consiglio_Week'!$R:$R"), 0, COLUMNS($A:H)-1 ) ), "" )} | AT8: {=IFERROR( _xlfn.XLOOKUP( $B8, INDIRECT("'[storico profut.xlsm]Consiglio_Week'!B:B"), OFFSET( INDIRECT("'[storico profut.xlsm]Consiglio_Week'!$R:$R"), 0, COLUMNS($A:I)-1 ) ), "" )} | AU8: {=IFERROR( _xlfn.XLOOKUP( $B8, INDIRECT("'[storico profut.xlsm]Consiglio_Week'!B:B"), OFFSET( INDIRECT("'[storico profut.xlsm]Consiglio_Week'!$R:$R"), 0, COLUMNS($A:J)-1 ) ), "" )} | AV8: {=IFERROR( _xlfn.XLOOKUP( $B8, INDIRECT("'[storico profut.xlsm]Consiglio_Week'!B:B"), OFFSET( INDIRECT("'[storico profut.xlsm]Consiglio_Week'!$R:$R"), 0, COLUMNS($A:K)-1 ) ), "" )} | AW8: {=IFERROR( _xlfn.XLOOKUP( $B8, INDIRECT("'[storico profut.xlsm]Consiglio_Week'!B:B"), OFFSET( INDIRECT("'[storico profut.xlsm]Consiglio_Week'!$R:$R"), 0, COLUMNS($A:L)-1 ) ), "" )} | AX8: {=IFERROR( _xlfn.XLOOKUP( $B8, INDIRECT("'[storico profut.xlsm]Consiglio_Week'!B:B"), OFFSET( INDIRECT("'[storico profut.xlsm]Consiglio_Week'!$R:$R"), 0, COLUMNS($A:M)-1 ) ), "" )} | AY8: 0
A9: cf23 | B9: Cannella Davide | C9: 20 | D9: 2 | E9: 0.375 | F9: 0.625 | H9: Riposo | Q9: 4-4-4-4-4 | R9: 1 | S9: cmb | AH9: {=+IFERROR(_xlfn.XLOOKUP($B9,INDIRECT("'[storico profut.xlsm]Consiglio_Week'!$B:$B"),INDIRECT("'[storico profut.xlsm]Consiglio_Week'!$I:$I")),"")} | AI9: {=+IFERROR(_xlfn.XLOOKUP($B9,INDIRECT("'[storico profut.xlsm]Consiglio_Week'!$B:$B"),INDIRECT("'[storico profut.xlsm]Consiglio_Week'!$L:$L")),"")} | AJ9: {=+IFERROR(_xlfn.XLOOKUP($B9,INDIRECT("'[storico profut.xlsm]Consiglio_Week'!$B:$B"),INDIRECT("'[storico profut.xlsm]Consiglio_Week'!$M:$M")),"")} | AK9: {=+IFERROR(_xlfn.XLOOKUP($B9,INDIRECT("'[storico profut.xlsm]Consiglio_Week'!$B:$B"),INDIRECT("'[storico profut.xlsm]Consiglio_Week'!$P:$P")),"")} | AL9: {=IFERROR( _xlfn.XLOOKUP( $B9, INDIRECT("'[storico profut.xlsm]Consiglio_Week'!B:B"), OFFSET( INDIRECT("'[storico profut.xlsm]Consiglio_Week'!$R:$R"), 0, COLUMNS($A:A)-1 ) ), "" )} | AM9: {=IFERROR( _xlfn.XLOOKUP( $B9, INDIRECT("'[storico profut.xlsm]Consiglio_Week'!B:B"), OFFSET( INDIRECT("'[storico profut.xlsm]Consiglio_Week'!$R:$R"), 0, COLUMNS($A:B)-1 ) ), "" )} | AN9: {=IFERROR( _xlfn.XLOOKUP( $B9, INDIRECT("'[storico profut.xlsm]Consiglio_Week'!B:B"), OFFSET( INDIRECT("'[storico profut.xlsm]Consiglio_Week'!$R:$R"), 0, COLUMNS($A:C)-1 ) ), "" )} | AO9: {=IFERROR( _xlfn.XLOOKUP( $B9, INDIRECT("'[storico profut.xlsm]Consiglio_Week'!B:B"), OFFSET( INDIRECT("'[storico profut.xlsm]Consiglio_Week'!$R:$R"), 0, COLUMNS($A:D)-1 ) ), "" )} | AP9: {=IFERROR( _xlfn.XLOOKUP( $B9, INDIRECT("'[storico profut.xlsm]Consiglio_Week'!B:B"), OFFSET( INDIRECT("'[storico profut.xlsm]Consiglio_Week'!$R:$R"), 0, COLUMNS($A:E)-1 ) ), "" )} | AQ9: {=IFERROR( _xlfn.XLOOKUP( $B9, INDIRECT("'[storico profut.xlsm]Consiglio_Week'!B:B"), OFFSET( INDIRECT("'[storico profut.xlsm]Consiglio_Week'!$R:$R"), 0, COLUMNS($A:F)-1 ) ), "" )} | AR9: {=IFERROR( _xlfn.XLOOKUP( $B9, INDIRECT("'[storico profut.xlsm]Consiglio_Week'!B:B"), OFFSET( INDIRECT("'[storico profut.xlsm]Consiglio_Week'!$R:$R"), 0, COLUMNS($A:G)-1 ) ), "" )} | AS9: {=IFERROR( _xlfn.XLOOKUP( $B9, INDIRECT("'[storico profut.xlsm]Consiglio_Week'!B:B"), OFFSET( INDIRECT("'[storico profut.xlsm]Consiglio_Week'!$R:$R"), 0, COLUMNS($A:H)-1 ) ), "" )} | AT9: {=IFERROR( _xlfn.XLOOKUP( $B9, INDIRECT("'[storico profut.xlsm]Consiglio_Week'!B:B"), OFFSET( INDIRECT("'[storico profut.xlsm]Consiglio_Week'!$R:$R"), 0, COLUMNS($A:I)-1 ) ), "" )} | AU9: {=IFERROR( _xlfn.XLOOKUP( $B9, INDIRECT("'[storico profut.xlsm]Consiglio_Week'!B:B"), OFFSET( INDIRECT("'[storico profut.xlsm]Consiglio_Week'!$R:$R"), 0, COLUMNS($A:J)-1 ) ), "" )} | AV9: {=IFERROR( _xlfn.XLOOKUP( $B9, INDIRECT("'[storico profut.xlsm]Consiglio_Week'!B:B"), OFFSET( INDIRECT("'[storico profut.xlsm]Consiglio_Week'!$R:$R"), 0, COLUMNS($A:K)-1 ) ), "" )} | AW9: {=IFERROR( _xlfn.XLOOKUP( $B9, INDIRECT("'[storico profut.xlsm]Consiglio_Week'!B:B"), OFFSET( INDIRECT("'[storico profut.xlsm]Consiglio_Week'!$R:$R"), 0, COLUMNS($A:L)-1 ) ), "" )} | AX9: {=IFERROR( _xlfn.XLOOKUP( $B9, INDIRECT("'[storico profut.xlsm]Consiglio_Week'!B:B"), OFFSET( INDIRECT("'[storico profut.xlsm]Consiglio_Week'!$R:$R"), 0, COLUMNS($A:M)-1 ) ), "" )} | AY9: turni opposti con moglie gibilaro
A10: cf26 | B10: Cipolla Giuseppe | C10: 20 | D10: 2 | E10: 0.625 | F10: 0.875 | H10: Riposo | Q10: 4-4-4-4-4 | R10: 1 | S10: cmb | AH10: {=+IFERROR(_xlfn.XLOOKUP($B10,INDIRECT("'[storico profut.xlsm]Consiglio_Week'!$B:$B"),INDIRECT("'[storico profut.xlsm]Consiglio_Week'!$I:$I")),"")} | AI10: {=+IFERROR(_xlfn.XLOOKUP($B10,INDIRECT("'[storico profut.xlsm]Consiglio_Week'!$B:$B"),INDIRECT("'[storico profut.xlsm]Consiglio_Week'!$L:$L")),"")} | AJ10: {=+IFERROR(_xlfn.XLOOKUP($B10,INDIRECT("'[storico profut.xlsm]Consiglio_Week'!$B:$B"),INDIRECT("'[storico profut.xlsm]Consiglio_Week'!$M:$M")),"")} | AK10: {=+IFERROR(_xlfn.XLOOKUP($B10,INDIRECT("'[storico profut.xlsm]Consiglio_Week'!$B:$B"),INDIRECT("'[storico profut.xlsm]Consiglio_Week'!$P:$P")),"")} | AL10: {=IFERROR( _xlfn.XLOOKUP( $B10, INDIRECT("'[storico profut.xlsm]Consiglio_Week'!B:B"), OFFSET( INDIRECT("'[storico profut.xlsm]Consiglio_Week'!$R:$R"), 0, COLUMNS($A:A)-1 ) ), "" )} | AM10: {=IFERROR( _xlfn.XLOOKUP( $B10, INDIRECT("'[storico profut.xlsm]Consiglio_Week'!B:B"), OFFSET( INDIRECT("'[storico profut.xlsm]Consiglio_Week'!$R:$R"), 0, COLUMNS($A:B)-1 ) ), "" )} | AN10: {=IFERROR( _xlfn.XLOOKUP( $B10, INDIRECT("'[storico profut.xlsm]Consiglio_Week'!B:B"), OFFSET( INDIRECT("'[storico profut.xlsm]Consiglio_Week'!$R:$R"), 0, COLUMNS($A:C)-1 ) ), "" )} | AO10: {=IFERROR( _xlfn.XLOOKUP( $B10, INDIRECT("'[storico profut.xlsm]Consiglio_Week'!B:B"), OFFSET( INDIRECT("'[storico profut.xlsm]Consiglio_Week'!$R:$R"), 0, COLUMNS($A:D)-1 ) ), "" )} | AP10: {=IFERROR( _xlfn.XLOOKUP( $B10, INDIRECT("'[storico profut.xlsm]Consiglio_Week'!B:B"), OFFSET( INDIRECT("'[storico profut.xlsm]Consiglio_Week'!$R:$R"), 0, COLUMNS($A:E)-1 ) ), "" )} | AQ10: {=IFERROR( _xlfn.XLOOKUP( $B10, INDIRECT("'[storico profut.xlsm]Consiglio_Week'!B:B"), OFFSET( INDIRECT("'[storico profut.xlsm]Consiglio_Week'!$R:$R"), 0, COLUMNS($A:F)-1 ) ), "" )} | AR10: {=IFERROR( _xlfn.XLOOKUP( $B10, INDIRECT("'[storico profut.xlsm]Consiglio_Week'!B:B"), OFFSET( INDIRECT("'[storico profut.xlsm]Consiglio_Week'!$R:$R"), 0, COLUMNS($A:G)-1 ) ), "" )} | AS10: {=IFERROR( _xlfn.XLOOKUP( $B10, INDIRECT("'[storico profut.xlsm]Consiglio_Week'!B:B"), OFFSET( INDIRECT("'[storico profut.xlsm]Consiglio_Week'!$R:$R"), 0, COLUMNS($A:H)-1 ) ), "" )} | AT10: {=IFERROR( _xlfn.XLOOKUP( $B10, INDIRECT("'[storico profut.xlsm]Consiglio_Week'!B:B"), OFFSET( INDIRECT("'[storico profut.xlsm]Consiglio_Week'!$R:$R"), 0, COLUMNS($A:I)-1 ) ), "" )} | AU10: {=IFERROR( _xlfn.XLOOKUP( $B10, INDIRECT("'[storico profut.xlsm]Consiglio_Week'!B:B"), OFFSET( INDIRECT("'[storico profut.xlsm]Consiglio_Week'!$R:$R"), 0, COLUMNS($A:J)-1 ) ), "" )} | AV10: {=IFERROR( _xlfn.XLOOKUP( $B10, INDIRECT("'[storico profut.xlsm]Consiglio_Week'!B:B"), OFFSET( INDIRECT("'[storico profut.xlsm]Consiglio_Week'!$R:$R"), 0, COLUMNS($A:K)-1 ) ), "" )} | AW10: {=IFERROR( _xlfn.XLOOKUP( $B10, INDIRECT("'[storico profut.xlsm]Consiglio_Week'!B:B"), OFFSET( INDIRECT("'[storico profut.xlsm]Consiglio_Week'!$R:$R"), 0, COLUMNS($A:L)-1 ) ), "" )} | AX10: {=IFERROR( _xlfn.XLOOKUP( $B10, INDIRECT("'[storico profut.xlsm]Consiglio_Week'!B:B"), OFFSET( INDIRECT("'[storico profut.xlsm]Consiglio_Week'!$R:$R"), 0, COLUMNS($A:M)-1 ) ), "" )} | AY10: 0
A11: cf30 | B11: Consentino Dario | C11: 20 | D11: 2 | E11: 0.58333333 | F11: 0.75 | H11: Riposo | Q11: 4-4-4-4-4 | R11: 0 | S11: cmb | AH11: {=+IFERROR(_xlfn.XLOOKUP($B11,INDIRECT("'[storico profut.xlsm]Consiglio_Week'!$B:$B"),INDIRECT("'[storico profut.xlsm]Consiglio_Week'!$I:$I")),"")} | AI11: {=+IFERROR(_xlfn.XLOOKUP($B11,INDIRECT("'[storico profut.xlsm]Consiglio_Week'!$B:$B"),INDIRECT("'[storico profut.xlsm]Consiglio_Week'!$L:$L")),"")} | AJ11: {=+IFERROR(_xlfn.XLOOKUP($B11,INDIRECT("'[storico profut.xlsm]Consiglio_Week'!$B:$B"),INDIRECT("'[storico profut.xlsm]Consiglio_Week'!$M:$M")),"")} | AK11: {=+IFERROR(_xlfn.XLOOKUP($B11,INDIRECT("'[storico profut.xlsm]Consiglio_Week'!$B:$B"),INDIRECT("'[storico profut.xlsm]Consiglio_Week'!$P:$P")),"")} | AL11: {=IFERROR( _xlfn.XLOOKUP( $B11, INDIRECT("'[storico profut.xlsm]Consiglio_Week'!B:B"), OFFSET( INDIRECT("'[storico profut.xlsm]Consiglio_Week'!$R:$R"), 0, COLUMNS($A:A)-1 ) ), "" )} | AM11: {=IFERROR( _xlfn.XLOOKUP( $B11, INDIRECT("'[storico profut.xlsm]Consiglio_Week'!B:B"), OFFSET( INDIRECT("'[storico profut.xlsm]Consiglio_Week'!$R:$R"), 0, COLUMNS($A:B)-1 ) ), "" )} | AN11: {=IFERROR( _xlfn.XLOOKUP( $B11, INDIRECT("'[storico profut.xlsm]Consiglio_Week'!B:B"), OFFSET( INDIRECT("'[storico profut.xlsm]Consiglio_Week'!$R:$R"), 0, COLUMNS($A:C)-1 ) ), "" )} | AO11: {=IFERROR( _xlfn.XLOOKUP( $B11, INDIRECT("'[storico profut.xlsm]Consiglio_Week'!B:B"), OFFSET( INDIRECT("'[storico profut.xlsm]Consiglio_Week'!$R:$R"), 0, COLUMNS($A:D)-1 ) ), "" )} | AP11: {=IFERROR( _xlfn.XLOOKUP( $B11, INDIRECT("'[storico profut.xlsm]Consiglio_Week'!B:B"), OFFSET( INDIRECT("'[storico profut.xlsm]Consiglio_Week'!$R:$R"), 0, COLUMNS($A:E)-1 ) ), "" )} | AQ11: {=IFERROR( _xlfn.XLOOKUP( $B11, INDIRECT("'[storico profut.xlsm]Consiglio_Week'!B:B"), OFFSET( INDIRECT("'[storico profut.xlsm]Consiglio_Week'!$R:$R"), 0, COLUMNS($A:F)-1 ) ), "" )} | AR11: {=IFERROR( _xlfn.XLOOKUP( $B11, INDIRECT("'[storico profut.xlsm]Consiglio_Week'!B:B"), OFFSET( INDIRECT("'[storico profut.xlsm]Consiglio_Week'!$R:$R"), 0, COLUMNS($A:G)-1 ) ), "" )} | AS11: {=IFERROR( _xlfn.XLOOKUP( $B11, INDIRECT("'[storico profut.xlsm]Consiglio_Week'!B:B"), OFFSET( INDIRECT("'[storico profut.xlsm]Consiglio_Week'!$R:$R"), 0, COLUMNS($A:H)-1 ) ), "" )} | AT11: {=IFERROR( _xlfn.XLOOKUP( $B11, INDIRECT("'[storico profut.xlsm]Consiglio_Week'!B:B"), OFFSET( INDIRECT("'[storico profut.xlsm]Consiglio_Week'!$R:$R"), 0, COLUMNS($A:I)-1 ) ), "" )} | AU11: {=IFERROR( _xlfn.XLOOKUP( $B11, INDIRECT("'[storico profut.xlsm]Consiglio_Week'!B:B"), OFFSET( INDIRECT("'[storico profut.xlsm]Consiglio_Week'!$R:$R"), 0, COLUMNS($A:J)-1 ) ), "" )} | AV11: {=IFERROR( _xlfn.XLOOKUP( $B11, INDIRECT("'[storico profut.xlsm]Consiglio_Week'!B:B"), OFFSET( INDIRECT("'[storico profut.xlsm]Consiglio_Week'!$R:$R"), 0, COLUMNS($A:K)-1 ) ), "" )} | AW11: {=IFERROR( _xlfn.XLOOKUP( $B11, INDIRECT("'[storico profut.xlsm]Consiglio_Week'!B:B"), OFFSET( INDIRECT("'[storico profut.xlsm]Consiglio_Week'!$R:$R"), 0, COLUMNS($A:L)-1 ) ), "" )} | AX11: {=IFERROR( _xlfn.XLOOKUP( $B11, INDIRECT("'[storico profut.xlsm]Consiglio_Week'!B:B"), OFFSET( INDIRECT("'[storico profut.xlsm]Consiglio_Week'!$R:$R"), 0, COLUMNS($A:M)-1 ) ), "" )} | AY11: blocco turno in questi orari 14:00-18:00,14:30-18:30 o 15:00-19:00
A12: cf34 | B12: D'acquisto Armida | C12: 20 | D12: 2 | E12: 0.375 | F12: 0.625 | H12: Riposo | Q12: 4-4-4-4-4 | R12: 1 | S12: cmb | AH12: {=+IFERROR(_xlfn.XLOOKUP($B12,INDIRECT("'[storico profut.xlsm]Consiglio_Week'!$B:$B"),INDIRECT("'[storico profut.xlsm]Consiglio_Week'!$I:$I")),"")} | AI12: {=+IFERROR(_xlfn.XLOOKUP($B12,INDIRECT("'[storico profut.xlsm]Consiglio_Week'!$B:$B"),INDIRECT("'[storico profut.xlsm]Consiglio_Week'!$L:$L")),"")} | AJ12: {=+IFERROR(_xlfn.XLOOKUP($B12,INDIRECT("'[storico profut.xlsm]Consiglio_Week'!$B:$B"),INDIRECT("'[storico profut.xlsm]Consiglio_Week'!$M:$M")),"")} | AK12: {=+IFERROR(_xlfn.XLOOKUP($B12,INDIRECT("'[storico profut.xlsm]Consiglio_Week'!$B:$B"),INDIRECT("'[storico profut.xlsm]Consiglio_Week'!$P:$P")),"")} | AL12: {=IFERROR( _xlfn.XLOOKUP( $B12, INDIRECT("'[storico profut.xlsm]Consiglio_Week'!B:B"), OFFSET( INDIRECT("'[storico profut.xlsm]Consiglio_Week'!$R:$R"), 0, COLUMNS($A:A)-1 ) ), "" )} | AM12: {=IFERROR( _xlfn.XLOOKUP( $B12, INDIRECT("'[storico profut.xlsm]Consiglio_Week'!B:B"), OFFSET( INDIRECT("'[storico profut.xlsm]Consiglio_Week'!$R:$R"), 0, COLUMNS($A:B)-1 ) ), "" )} | AN12: {=IFERROR( _xlfn.XLOOKUP( $B12, INDIRECT("'[storico profut.xlsm]Consiglio_Week'!B:B"), OFFSET( INDIRECT("'[storico profut.xlsm]Consiglio_Week'!$R:$R"), 0, COLUMNS($A:C)-1 ) ), "" )} | AO12: {=IFERROR( _xlfn.XLOOKUP( $B12, INDIRECT("'[storico profut.xlsm]Consiglio_Week'!B:B"), OFFSET( INDIRECT("'[storico profut.xlsm]Consiglio_Week'!$R:$R"), 0, COLUMNS($A:D)-1 ) ), "" )} | AP12: {=IFERROR( _xlfn.XLOOKUP( $B12, INDIRECT("'[storico profut.xlsm]Consiglio_Week'!B:B"), OFFSET( INDIRECT("'[storico profut.xlsm]Consiglio_Week'!$R:$R"), 0, COLUMNS($A:E)-1 ) ), "" )} | AQ12: {=IFERROR( _xlfn.XLOOKUP( $B12, INDIRECT("'[storico profut.xlsm]Consiglio_Week'!B:B"), OFFSET( INDIRECT("'[storico profut.xlsm]Consiglio_Week'!$R:$R"), 0, COLUMNS($A:F)-1 ) ), "" )} | AR12: {=IFERROR( _xlfn.XLOOKUP( $B12, INDIRECT("'[storico profut.xlsm]Consiglio_Week'!B:B"), OFFSET( INDIRECT("'[storico profut.xlsm]Consiglio_Week'!$R:$R"), 0, COLUMNS($A:G)-1 ) ), "" )} | AS12: {=IFERROR( _xlfn.XLOOKUP( $B12, INDIRECT("'[storico profut.xlsm]Consiglio_Week'!B:B"), OFFSET( INDIRECT("'[storico profut.xlsm]Consiglio_Week'!$R:$R"), 0, COLUMNS($A:H)-1 ) ), "" )} | AT12: {=IFERROR( _xlfn.XLOOKUP( $B12, INDIRECT("'[storico profut.xlsm]Consiglio_Week'!B:B"), OFFSET( INDIRECT("'[storico profut.xlsm]Consiglio_Week'!$R:$R"), 0, COLUMNS($A:I)-1 ) ), "" )} | AU12: {=IFERROR( _xlfn.XLOOKUP( $B12, INDIRECT("'[storico profut.xlsm]Consiglio_Week'!B:B"), OFFSET( INDIRECT("'[storico profut.xlsm]Consiglio_Week'!$R:$R"), 0, COLUMNS($A:J)-1 ) ), "" )} | AV12: {=IFERROR( _xlfn.XLOOKUP( $B12, INDIRECT("'[storico profut.xlsm]Consiglio_Week'!B:B"), OFFSET( INDIRECT("'[storico profut.xlsm]Consiglio_Week'!$R:$R"), 0, COLUMNS($A:K)-1 ) ), "" )} | AW12: {=IFERROR( _xlfn.XLOOKUP( $B12, INDIRECT("'[storico profut.xlsm]Consiglio_Week'!B:B"), OFFSET( INDIRECT("'[storico profut.xlsm]Consiglio_Week'!$R:$R"), 0, COLUMNS($A:L)-1 ) ), "" )} | AX12: {=IFERROR( _xlfn.XLOOKUP( $B12, INDIRECT("'[storico profut.xlsm]Consiglio_Week'!B:B"), OFFSET( INDIRECT("'[storico profut.xlsm]Consiglio_Week'!$R:$R"), 0, COLUMNS($A:M)-1 ) ), "" )} | AY12: 0
A13: cf38 | B13: Federico Filippo | C13: 21 | D13: 2 | E13: 0.625 | F13: 0.875 | H13: Riposo | Q13: 5-4-4-4-4 | R13: 1 | S13: cmb | AH13: {=+IFERROR(_xlfn.XLOOKUP($B13,INDIRECT("'[storico profut.xlsm]Consiglio_Week'!$B:$B"),INDIRECT("'[storico profut.xlsm]Consiglio_Week'!$I:$I")),"")} | AI13: {=+IFERROR(_xlfn.XLOOKUP($B13,INDIRECT("'[storico profut.xlsm]Consiglio_Week'!$B:$B"),INDIRECT("'[storico profut.xlsm]Consiglio_Week'!$L:$L")),"")} | AJ13: {=+IFERROR(_xlfn.XLOOKUP($B13,INDIRECT("'[storico profut.xlsm]Consiglio_Week'!$B:$B"),INDIRECT("'[storico profut.xlsm]Consiglio_Week'!$M:$M")),"")} | AK13: {=+IFERROR(_xlfn.XLOOKUP($B13,INDIRECT("'[storico profut.xlsm]Consiglio_Week'!$B:$B"),INDIRECT("'[storico profut.xlsm]Consiglio_Week'!$P:$P")),"")} | AL13: {=IFERROR( _xlfn.XLOOKUP( $B13, INDIRECT("'[storico profut.xlsm]Consiglio_Week'!B:B"), OFFSET( INDIRECT("'[storico profut.xlsm]Consiglio_Week'!$R:$R"), 0, COLUMNS($A:A)-1 ) ), "" )} | AM13: {=IFERROR( _xlfn.XLOOKUP( $B13, INDIRECT("'[storico profut.xlsm]Consiglio_Week'!B:B"), OFFSET( INDIRECT("'[storico profut.xlsm]Consiglio_Week'!$R:$R"), 0, COLUMNS($A:B)-1 ) ), "" )} | AN13: {=IFERROR( _xlfn.XLOOKUP( $B13, INDIRECT("'[storico profut.xlsm]Consiglio_Week'!B:B"), OFFSET( INDIRECT("'[storico profut.xlsm]Consiglio_Week'!$R:$R"), 0, COLUMNS($A:C)-1 ) ), "" )} | AO13: {=IFERROR( _xlfn.XLOOKUP( $B13, INDIRECT("'[storico profut.xlsm]Consiglio_Week'!B:B"), OFFSET( INDIRECT("'[storico profut.xlsm]Consiglio_Week'!$R:$R"), 0, COLUMNS($A:D)-1 ) ), "" )} | AP13: {=IFERROR( _xlfn.XLOOKUP( $B13, INDIRECT("'[storico profut.xlsm]Consiglio_Week'!B:B"), OFFSET( INDIRECT("'[storico profut.xlsm]Consiglio_Week'!$R:$R"), 0, COLUMNS($A:E)-1 ) ), "" )} | AQ13: {=IFERROR( _xlfn.XLOOKUP( $B13, INDIRECT("'[storico profut.xlsm]Consiglio_Week'!B:B"), OFFSET( INDIRECT("'[storico profut.xlsm]Consiglio_Week'!$R:$R"), 0, COLUMNS($A:F)-1 ) ), "" )} | AR13: {=IFERROR( _xlfn.XLOOKUP( $B13, INDIRECT("'[storico profut.xlsm]Consiglio_Week'!B:B"), OFFSET( INDIRECT("'[storico profut.xlsm]Consiglio_Week'!$R:$R"), 0, COLUMNS($A:G)-1 ) ), "" )} | AS13: {=IFERROR( _xlfn.XLOOKUP( $B13, INDIRECT("'[storico profut.xlsm]Consiglio_Week'!B:B"), OFFSET( INDIRECT("'[storico profut.xlsm]Consiglio_Week'!$R:$R"), 0, COLUMNS($A:H)-1 ) ), "" )} | AT13: {=IFERROR( _xlfn.XLOOKUP( $B13, INDIRECT("'[storico profut.xlsm]Consiglio_Week'!B:B"), OFFSET( INDIRECT("'[storico profut.xlsm]Consiglio_Week'!$R:$R"), 0, COLUMNS($A:I)-1 ) ), "" )} | AU13: {=IFERROR( _xlfn.XLOOKUP( $B13, INDIRECT("'[storico profut.xlsm]Consiglio_Week'!B:B"), OFFSET( INDIRECT("'[storico profut.xlsm]Consiglio_Week'!$R:$R"), 0, COLUMNS($A:J)-1 ) ), "" )} | AV13: {=IFERROR( _xlfn.XLOOKUP( $B13, INDIRECT("'[storico profut.xlsm]Consiglio_Week'!B:B"), OFFSET( INDIRECT("'[storico profut.xlsm]Consiglio_Week'!$R:$R"), 0, COLUMNS($A:K)-1 ) ), "" )} | AW13: {=IFERROR( _xlfn.XLOOKUP( $B13, INDIRECT("'[storico profut.xlsm]Consiglio_Week'!B:B"), OFFSET( INDIRECT("'[storico profut.xlsm]Consiglio_Week'!$R:$R"), 0, COLUMNS($A:L)-1 ) ), "" )} | AX13: {=IFERROR( _xlfn.XLOOKUP( $B13, INDIRECT("'[storico profut.xlsm]Consiglio_Week'!B:B"), OFFSET( INDIRECT("'[storico profut.xlsm]Consiglio_Week'!$R:$R"), 0, COLUMNS($A:M)-1 ) ), "" )} | AY13: 1gg a 5 ore
A14: cf40 | B14: Greco Loredana | C14: 20 | D14: 2 | E14: 0.625 | F14: 0.875 | H14: Riposo | Q14: 4-4-4-4-4 | R14: 1 | S14: cmb | AH14: {=+IFERROR(_xlfn.XLOOKUP($B14,INDIRECT("'[storico profut.xlsm]Consiglio_Week'!$B:$B"),INDIRECT("'[storico profut.xlsm]Consiglio_Week'!$I:$I")),"")} | AI14: {=+IFERROR(_xlfn.XLOOKUP($B14,INDIRECT("'[storico profut.xlsm]Consiglio_Week'!$B:$B"),INDIRECT("'[storico profut.xlsm]Consiglio_Week'!$L:$L")),"")} | AJ14: {=+IFERROR(_xlfn.XLOOKUP($B14,INDIRECT("'[storico profut.xlsm]Consiglio_Week'!$B:$B"),INDIRECT("'[storico profut.xlsm]Consiglio_Week'!$M:$M")),"")} | AK14: {=+IFERROR(_xlfn.XLOOKUP($B14,INDIRECT("'[storico profut.xlsm]Consiglio_Week'!$B:$B"),INDIRECT("'[storico profut.xlsm]Consiglio_Week'!$P:$P")),"")} | AL14: {=IFERROR( _xlfn.XLOOKUP( $B14, INDIRECT("'[storico profut.xlsm]Consiglio_Week'!B:B"), OFFSET( INDIRECT("'[storico profut.xlsm]Consiglio_Week'!$R:$R"), 0, COLUMNS($A:A)-1 ) ), "" )} | AM14: {=IFERROR( _xlfn.XLOOKUP( $B14, INDIRECT("'[storico profut.xlsm]Consiglio_Week'!B:B"), OFFSET( INDIRECT("'[storico profut.xlsm]Consiglio_Week'!$R:$R"), 0, COLUMNS($A:B)-1 ) ), "" )} | AN14: {=IFERROR( _xlfn.XLOOKUP( $B14, INDIRECT("'[storico profut.xlsm]Consiglio_Week'!B:B"), OFFSET( INDIRECT("'[storico profut.xlsm]Consiglio_Week'!$R:$R"), 0, COLUMNS($A:C)-1 ) ), "" )} | AO14: {=IFERROR( _xlfn.XLOOKUP( $B14, INDIRECT("'[storico profut.xlsm]Consiglio_Week'!B:B"), OFFSET( INDIRECT("'[storico profut.xlsm]Consiglio_Week'!$R:$R"), 0, COLUMNS($A:D)-1 ) ), "" )} | AP14: {=IFERROR( _xlfn.XLOOKUP( $B14, INDIRECT("'[storico profut.xlsm]Consiglio_Week'!B:B"), OFFSET( INDIRECT("'[storico profut.xlsm]Consiglio_Week'!$R:$R"), 0, COLUMNS($A:E)-1 ) ), "" )} | AQ14: {=IFERROR( _xlfn.XLOOKUP( $B14, INDIRECT("'[storico profut.xlsm]Consiglio_Week'!B:B"), OFFSET( INDIRECT("'[storico profut.xlsm]Consiglio_Week'!$R:$R"), 0, COLUMNS($A:F)-1 ) ), "" )} | AR14: {=IFERROR( _xlfn.XLOOKUP( $B14, INDIRECT("'[storico profut.xlsm]Consiglio_Week'!B:B"), OFFSET( INDIRECT("'[storico profut.xlsm]Consiglio_Week'!$R:$R"), 0, COLUMNS($A:G)-1 ) ), "" )} | AS14: {=IFERROR( _xlfn.XLOOKUP( $B14, INDIRECT("'[storico profut.xlsm]Consiglio_Week'!B:B"), OFFSET( INDIRECT("'[storico profut.xlsm]Consiglio_Week'!$R:$R"), 0, COLUMNS($A:H)-1 ) ), "" )} | AT14: {=IFERROR( _xlfn.XLOOKUP( $B14, INDIRECT("'[storico profut.xlsm]Consiglio_Week'!B:B"), OFFSET( INDIRECT("'[storico profut.xlsm]Consiglio_Week'!$R:$R"), 0, COLUMNS($A:I)-1 ) ), "" )} | AU14: {=IFERROR( _xlfn.XLOOKUP( $B14, INDIRECT("'[storico profut.xlsm]Consiglio_Week'!B:B"), OFFSET( INDIRECT("'[storico profut.xlsm]Consiglio_Week'!$R:$R"), 0, COLUMNS($A:J)-1 ) ), "" )} | AV14: {=IFERROR( _xlfn.XLOOKUP( $B14, INDIRECT("'[storico profut.xlsm]Consiglio_Week'!B:B"), OFFSET( INDIRECT("'[storico profut.xlsm]Consiglio_Week'!$R:$R"), 0, COLUMNS($A:K)-1 ) ), "" )} | AW14: {=IFERROR( _xlfn.XLOOKUP( $B14, INDIRECT("'[storico profut.xlsm]Consiglio_Week'!B:B"), OFFSET( INDIRECT("'[storico profut.xlsm]Consiglio_Week'!$R:$R"), 0, COLUMNS($A:L)-1 ) ), "" )} | AX14: {=IFERROR( _xlfn.XLOOKUP( $B14, INDIRECT("'[storico profut.xlsm]Consiglio_Week'!B:B"), OFFSET( INDIRECT("'[storico profut.xlsm]Consiglio_Week'!$R:$R"), 0, COLUMNS($A:M)-1 ) ), "" )} | AY14: 0
A15: cf41 | B15: Gullo Patrizia | C15: 20 | D15: 2 | E15: 0.625 | F15: 0.875 | H15: Riposo | Q15: 4-4-4-4-4 | R15: 1 | S15: cmb | AH15: {=+IFERROR(_xlfn.XLOOKUP($B15,INDIRECT("'[storico profut.xlsm]Consiglio_Week'!$B:$B"),INDIRECT("'[storico profut.xlsm]Consiglio_Week'!$I:$I")),"")} | AI15: {=+IFERROR(_xlfn.XLOOKUP($B15,INDIRECT("'[storico profut.xlsm]Consiglio_Week'!$B:$B"),INDIRECT("'[storico profut.xlsm]Consiglio_Week'!$L:$L")),"")} | AJ15: {=+IFERROR(_xlfn.XLOOKUP($B15,INDIRECT("'[storico profut.xlsm]Consiglio_Week'!$B:$B"),INDIRECT("'[storico profut.xlsm]Consiglio_Week'!$M:$M")),"")} | AK15: {=+IFERROR(_xlfn.XLOOKUP($B15,INDIRECT("'[storico profut.xlsm]Consiglio_Week'!$B:$B"),INDIRECT("'[storico profut.xlsm]Consiglio_Week'!$P:$P")),"")} | AL15: {=IFERROR( _xlfn.XLOOKUP( $B15, INDIRECT("'[storico profut.xlsm]Consiglio_Week'!B:B"), OFFSET( INDIRECT("'[storico profut.xlsm]Consiglio_Week'!$R:$R"), 0, COLUMNS($A:A)-1 ) ), "" )} | AM15: {=IFERROR( _xlfn.XLOOKUP( $B15, INDIRECT("'[storico profut.xlsm]Consiglio_Week'!B:B"), OFFSET( INDIRECT("'[storico profut.xlsm]Consiglio_Week'!$R:$R"), 0, COLUMNS($A:B)-1 ) ), "" )} | AN15: {=IFERROR( _xlfn.XLOOKUP( $B15, INDIRECT("'[storico profut.xlsm]Consiglio_Week'!B:B"), OFFSET( INDIRECT("'[storico profut.xlsm]Consiglio_Week'!$R:$R"), 0, COLUMNS($A:C)-1 ) ), "" )} | AO15: {=IFERROR( _xlfn.XLOOKUP( $B15, INDIRECT("'[storico profut.xlsm]Consiglio_Week'!B:B"), OFFSET( INDIRECT("'[storico profut.xlsm]Consiglio_Week'!$R:$R"), 0, COLUMNS($A:D)-1 ) ), "" )} | AP15: {=IFERROR( _xlfn.XLOOKUP( $B15, INDIRECT("'[storico profut.xlsm]Consiglio_Week'!B:B"), OFFSET( INDIRECT("'[storico profut.xlsm]Consiglio_Week'!$R:$R"), 0, COLUMNS($A:E)-1 ) ), "" )} | AQ15: {=IFERROR( _xlfn.XLOOKUP( $B15, INDIRECT("'[storico profut.xlsm]Consiglio_Week'!B:B"), OFFSET( INDIRECT("'[storico profut.xlsm]Consiglio_Week'!$R:$R"), 0, COLUMNS($A:F)-1 ) ), "" )} | AR15: {=IFERROR( _xlfn.XLOOKUP( $B15, INDIRECT("'[storico profut.xlsm]Consiglio_Week'!B:B"), OFFSET( INDIRECT("'[storico profut.xlsm]Consiglio_Week'!$R:$R"), 0, COLUMNS($A:G)-1 ) ), "" )} | AS15: {=IFERROR( _xlfn.XLOOKUP( $B15, INDIRECT("'[storico profut.xlsm]Consiglio_Week'!B:B"), OFFSET( INDIRECT("'[storico profut.xlsm]Consiglio_Week'!$R:$R"), 0, COLUMNS($A:H)-1 ) ), "" )} | AT15: {=IFERROR( _xlfn.XLOOKUP( $B15, INDIRECT("'[storico profut.xlsm]Consiglio_Week'!B:B"), OFFSET( INDIRECT("'[storico profut.xlsm]Consiglio_Week'!$R:$R"), 0, COLUMNS($A:I)-1 ) ), "" )} | AU15: {=IFERROR( _xlfn.XLOOKUP( $B15, INDIRECT("'[storico profut.xlsm]Consiglio_Week'!B:B"), OFFSET( INDIRECT("'[storico profut.xlsm]Consiglio_Week'!$R:$R"), 0, COLUMNS($A:J)-1 ) ), "" )} | AV15: {=IFERROR( _xlfn.XLOOKUP( $B15, INDIRECT("'[storico profut.xlsm]Consiglio_Week'!B:B"), OFFSET( INDIRECT("'[storico profut.xlsm]Consiglio_Week'!$R:$R"), 0, COLUMNS($A:K)-1 ) ), "" )} | AW15: {=IFERROR( _xlfn.XLOOKUP( $B15, INDIRECT("'[storico profut.xlsm]Consiglio_Week'!B:B"), OFFSET( INDIRECT("'[storico profut.xlsm]Consiglio_Week'!$R:$R"), 0, COLUMNS($A:L)-1 ) ), "" )} | AX15: {=IFERROR( _xlfn.XLOOKUP( $B15, INDIRECT("'[storico profut.xlsm]Consiglio_Week'!B:B"), OFFSET( INDIRECT("'[storico profut.xlsm]Consiglio_Week'!$R:$R"), 0, COLUMNS($A:M)-1 ) ), "" )} | AY15: 0
A16: cf42 | B16: Imparato Emanuele | C16: 20 | D16: 2 | E16: 0.375 | F16: 0.54166667 | H16: Riposo | Q16: 4-4-4-4-4 | R16: 0 | S16: cmb | AH16: {=+IFERROR(_xlfn.XLOOKUP($B16,INDIRECT("'[storico profut.xlsm]Consiglio_Week'!$B:$B"),INDIRECT("'[storico profut.xlsm]Consiglio_Week'!$I:$I")),"")} | AI16: {=+IFERROR(_xlfn.XLOOKUP($B16,INDIRECT("'[storico profut.xlsm]Consiglio_Week'!$B:$B"),INDIRECT("'[storico profut.xlsm]Consiglio_Week'!$L:$L")),"")} | AJ16: {=+IFERROR(_xlfn.XLOOKUP($B16,INDIRECT("'[storico profut.xlsm]Consiglio_Week'!$B:$B"),INDIRECT("'[storico profut.xlsm]Consiglio_Week'!$M:$M")),"")} | AK16: {=+IFERROR(_xlfn.XLOOKUP($B16,INDIRECT("'[storico profut.xlsm]Consiglio_Week'!$B:$B"),INDIRECT("'[storico profut.xlsm]Consiglio_Week'!$P:$P")),"")} | AL16: {=IFERROR( _xlfn.XLOOKUP( $B16, INDIRECT("'[storico profut.xlsm]Consiglio_Week'!B:B"), OFFSET( INDIRECT("'[storico profut.xlsm]Consiglio_Week'!$R:$R"), 0, COLUMNS($A:A)-1 ) ), "" )} | AM16: {=IFERROR( _xlfn.XLOOKUP( $B16, INDIRECT("'[storico profut.xlsm]Consiglio_Week'!B:B"), OFFSET( INDIRECT("'[storico profut.xlsm]Consiglio_Week'!$R:$R"), 0, COLUMNS($A:B)-1 ) ), "" )} | AN16: {=IFERROR( _xlfn.XLOOKUP( $B16, INDIRECT("'[storico profut.xlsm]Consiglio_Week'!B:B"), OFFSET( INDIRECT("'[storico profut.xlsm]Consiglio_Week'!$R:$R"), 0, COLUMNS($A:C)-1 ) ), "" )} | AO16: {=IFERROR( _xlfn.XLOOKUP( $B16, INDIRECT("'[storico profut.xlsm]Consiglio_Week'!B:B"), OFFSET( INDIRECT("'[storico profut.xlsm]Consiglio_Week'!$R:$R"), 0, COLUMNS($A:D)-1 ) ), "" )} | AP16: {=IFERROR( _xlfn.XLOOKUP( $B16, INDIRECT("'[storico profut.xlsm]Consiglio_Week'!B:B"), OFFSET( INDIRECT("'[storico profut.xlsm]Consiglio_Week'!$R:$R"), 0, COLUMNS($A:E)-1 ) ), "" )} | AQ16: {=IFERROR( _xlfn.XLOOKUP( $B16, INDIRECT("'[storico profut.xlsm]Consiglio_Week'!B:B"), OFFSET( INDIRECT("'[storico profut.xlsm]Consiglio_Week'!$R:$R"), 0, COLUMNS($A:F)-1 ) ), "" )} | AR16: {=IFERROR( _xlfn.XLOOKUP( $B16, INDIRECT("'[storico profut.xlsm]Consiglio_Week'!B:B"), OFFSET( INDIRECT("'[storico profut.xlsm]Consiglio_Week'!$R:$R"), 0, COLUMNS($A:G)-1 ) ), "" )} | AS16: {=IFERROR( _xlfn.XLOOKUP( $B16, INDIRECT("'[storico profut.xlsm]Consiglio_Week'!B:B"), OFFSET( INDIRECT("'[storico profut.xlsm]Consiglio_Week'!$R:$R"), 0, COLUMNS($A:H)-1 ) ), "" )} | AT16: {=IFERROR( _xlfn.XLOOKUP( $B16, INDIRECT("'[storico profut.xlsm]Consiglio_Week'!B:B"), OFFSET( INDIRECT("'[storico profut.xlsm]Consiglio_Week'!$R:$R"), 0, COLUMNS($A:I)-1 ) ), "" )} | AU16: {=IFERROR( _xlfn.XLOOKUP( $B16, INDIRECT("'[storico profut.xlsm]Consiglio_Week'!B:B"), OFFSET( INDIRECT("'[storico profut.xlsm]Consiglio_Week'!$R:$R"), 0, COLUMNS($A:J)-1 ) ), "" )} | AV16: {=IFERROR( _xlfn.XLOOKUP( $B16, INDIRECT("'[storico profut.xlsm]Consiglio_Week'!B:B"), OFFSET( INDIRECT("'[storico profut.xlsm]Consiglio_Week'!$R:$R"), 0, COLUMNS($A:K)-1 ) ), "" )} | AW16: {=IFERROR( _xlfn.XLOOKUP( $B16, INDIRECT("'[storico profut.xlsm]Consiglio_Week'!B:B"), OFFSET( INDIRECT("'[storico profut.xlsm]Consiglio_Week'!$R:$R"), 0, COLUMNS($A:L)-1 ) ), "" )} | AX16: {=IFERROR( _xlfn.XLOOKUP( $B16, INDIRECT("'[storico profut.xlsm]Consiglio_Week'!B:B"), OFFSET( INDIRECT("'[storico profut.xlsm]Consiglio_Week'!$R:$R"), 0, COLUMNS($A:M)-1 ) ), "" )} | AY16: blocco turno 9-13
A17: cf43 | B17: Mancuso Vito | C17: 20 | D17: 2 | E17: 0.625 | F17: 0.875 | H17: Riposo | Q17: 4-4-4-4-4 | R17: 1 | S17: cmb | AH17: {=+IFERROR(_xlfn.XLOOKUP($B17,INDIRECT("'[storico profut.xlsm]Consiglio_Week'!$B:$B"),INDIRECT("'[storico profut.xlsm]Consiglio_Week'!$I:$I")),"")} | AI17: {=+IFERROR(_xlfn.XLOOKUP($B17,INDIRECT("'[storico profut.xlsm]Consiglio_Week'!$B:$B"),INDIRECT("'[storico profut.xlsm]Consiglio_Week'!$L:$L")),"")} | AJ17: {=+IFERROR(_xlfn.XLOOKUP($B17,INDIRECT("'[storico profut.xlsm]Consiglio_Week'!$B:$B"),INDIRECT("'[storico profut.xlsm]Consiglio_Week'!$M:$M")),"")} | AK17: {=+IFERROR(_xlfn.XLOOKUP($B17,INDIRECT("'[storico profut.xlsm]Consiglio_Week'!$B:$B"),INDIRECT("'[storico profut.xlsm]Consiglio_Week'!$P:$P")),"")} | AL17: {=IFERROR( _xlfn.XLOOKUP( $B17, INDIRECT("'[storico profut.xlsm]Consiglio_Week'!B:B"), OFFSET( INDIRECT("'[storico profut.xlsm]Consiglio_Week'!$R:$R"), 0, COLUMNS($A:A)-1 ) ), "" )} | AM17: {=IFERROR( _xlfn.XLOOKUP( $B17, INDIRECT("'[storico profut.xlsm]Consiglio_Week'!B:B"), OFFSET( INDIRECT("'[storico profut.xlsm]Consiglio_Week'!$R:$R"), 0, COLUMNS($A:B)-1 ) ), "" )} | AN17: {=IFERROR( _xlfn.XLOOKUP( $B17, INDIRECT("'[storico profut.xlsm]Consiglio_Week'!B:B"), OFFSET( INDIRECT("'[storico profut.xlsm]Consiglio_Week'!$R:$R"), 0, COLUMNS($A:C)-1 ) ), "" )} | AO17: {=IFERROR( _xlfn.XLOOKUP( $B17, INDIRECT("'[storico profut.xlsm]Consiglio_Week'!B:B"), OFFSET( INDIRECT("'[storico profut.xlsm]Consiglio_Week'!$R:$R"), 0, COLUMNS($A:D)-1 ) ), "" )} | AP17: {=IFERROR( _xlfn.XLOOKUP( $B17, INDIRECT("'[storico profut.xlsm]Consiglio_Week'!B:B"), OFFSET( INDIRECT("'[storico profut.xlsm]Consiglio_Week'!$R:$R"), 0, COLUMNS($A:E)-1 ) ), "" )} | AQ17: {=IFERROR( _xlfn.XLOOKUP( $B17, INDIRECT("'[storico profut.xlsm]Consiglio_Week'!B:B"), OFFSET( INDIRECT("'[storico profut.xlsm]Consiglio_Week'!$R:$R"), 0, COLUMNS($A:F)-1 ) ), "" )} | AR17: {=IFERROR( _xlfn.XLOOKUP( $B17, INDIRECT("'[storico profut.xlsm]Consiglio_Week'!B:B"), OFFSET( INDIRECT("'[storico profut.xlsm]Consiglio_Week'!$R:$R"), 0, COLUMNS($A:G)-1 ) ), "" )} | AS17: {=IFERROR( _xlfn.XLOOKUP( $B17, INDIRECT("'[storico profut.xlsm]Consiglio_Week'!B:B"), OFFSET( INDIRECT("'[storico profut.xlsm]Consiglio_Week'!$R:$R"), 0, COLUMNS($A:H)-1 ) ), "" )} | AT17: {=IFERROR( _xlfn.XLOOKUP( $B17, INDIRECT("'[storico profut.xlsm]Consiglio_Week'!B:B"), OFFSET( INDIRECT("'[storico profut.xlsm]Consiglio_Week'!$R:$R"), 0, COLUMNS($A:I)-1 ) ), "" )} | AU17: {=IFERROR( _xlfn.XLOOKUP( $B17, INDIRECT("'[storico profut.xlsm]Consiglio_Week'!B:B"), OFFSET( INDIRECT("'[storico profut.xlsm]Consiglio_Week'!$R:$R"), 0, COLUMNS($A:J)-1 ) ), "" )} | AV17: {=IFERROR( _xlfn.XLOOKUP( $B17, INDIRECT("'[storico profut.xlsm]Consiglio_Week'!B:B"), OFFSET( INDIRECT("'[storico profut.xlsm]Consiglio_Week'!$R:$R"), 0, COLUMNS($A:K)-1 ) ), "" )} | AW17: {=IFERROR( _xlfn.XLOOKUP( $B17, INDIRECT("'[storico profut.xlsm]Consiglio_Week'!B:B"), OFFSET( INDIRECT("'[storico profut.xlsm]Consiglio_Week'!$R:$R"), 0, COLUMNS($A:L)-1 ) ), "" )} | AX17: {=IFERROR( _xlfn.XLOOKUP( $B17, INDIRECT("'[storico profut.xlsm]Consiglio_Week'!B:B"), OFFSET( INDIRECT("'[storico profut.xlsm]Consiglio_Week'!$R:$R"), 0, COLUMNS($A:M)-1 ) ), "" )} | AY17: 0
A18: cf44 | B18: Condello Danilo | C18: 20 | D18: 2 | E18: 0.375 | F18: 0.625 | Q18: 4-4-4-4-4 | R18: 1 | S18: dc | AH18: {=+IFERROR(_xlfn.XLOOKUP($B18,INDIRECT("'[storico profut.xlsm]Consiglio_Week'!$B:$B"),INDIRECT("'[storico profut.xlsm]Consiglio_Week'!$I:$I")),"")} | AI18: {=+IFERROR(_xlfn.XLOOKUP($B18,INDIRECT("'[storico profut.xlsm]Consiglio_Week'!$B:$B"),INDIRECT("'[storico profut.xlsm]Consiglio_Week'!$L:$L")),"")} | AJ18: {=+IFERROR(_xlfn.XLOOKUP($B18,INDIRECT("'[storico profut.xlsm]Consiglio_Week'!$B:$B"),INDIRECT("'[storico profut.xlsm]Consiglio_Week'!$M:$M")),"")} | AK18: {=+IFERROR(_xlfn.XLOOKUP($B18,INDIRECT("'[storico profut.xlsm]Consiglio_Week'!$B:$B"),INDIRECT("'[storico profut.xlsm]Consiglio_Week'!$P:$P")),"")} | AL18: {=IFERROR( _xlfn.XLOOKUP( $B18, INDIRECT("'[storico profut.xlsm]Consiglio_Week'!B:B"), OFFSET( INDIRECT("'[storico profut.xlsm]Consiglio_Week'!$R:$R"), 0, COLUMNS($A:A)-1 ) ), "" )} | AM18: {=IFERROR( _xlfn.XLOOKUP( $B18, INDIRECT("'[storico profut.xlsm]Consiglio_Week'!B:B"), OFFSET( INDIRECT("'[storico profut.xlsm]Consiglio_Week'!$R:$R"), 0, COLUMNS($A:B)-1 ) ), "" )} | AN18: {=IFERROR( _xlfn.XLOOKUP( $B18, INDIRECT("'[storico profut.xlsm]Consiglio_Week'!B:B"), OFFSET( INDIRECT("'[storico profut.xlsm]Consiglio_Week'!$R:$R"), 0, COLUMNS($A:C)-1 ) ), "" )} | AO18: {=IFERROR( _xlfn.XLOOKUP( $B18, INDIRECT("'[storico profut.xlsm]Consiglio_Week'!B:B"), OFFSET( INDIRECT("'[storico profut.xlsm]Consiglio_Week'!$R:$R"), 0, COLUMNS($A:D)-1 ) ), "" )} | AP18: {=IFERROR( _xlfn.XLOOKUP( $B18, INDIRECT("'[storico profut.xlsm]Consiglio_Week'!B:B"), OFFSET( INDIRECT("'[storico profut.xlsm]Consiglio_Week'!$R:$R"), 0, COLUMNS($A:E)-1 ) ), "" )} | AQ18: {=IFERROR( _xlfn.XLOOKUP( $B18, INDIRECT("'[storico profut.xlsm]Consiglio_Week'!B:B"), OFFSET( INDIRECT("'[storico profut.xlsm]Consiglio_Week'!$R:$R"), 0, COLUMNS($A:F)-1 ) ), "" )} | AR18: {=IFERROR( _xlfn.XLOOKUP( $B18, INDIRECT("'[storico profut.xlsm]Consiglio_Week'!B:B"), OFFSET( INDIRECT("'[storico profut.xlsm]Consiglio_Week'!$R:$R"), 0, COLUMNS($A:G)-1 ) ), "" )} | AS18: {=IFERROR( _xlfn.XLOOKUP( $B18, INDIRECT("'[storico profut.xlsm]Consiglio_Week'!B:B"), OFFSET( INDIRECT("'[storico profut.xlsm]Consiglio_Week'!$R:$R"), 0, COLUMNS($A:H)-1 ) ), "" )} | AT18: {=IFERROR( _xlfn.XLOOKUP( $B18, INDIRECT("'[storico profut.xlsm]Consiglio_Week'!B:B"), OFFSET( INDIRECT("'[storico profut.xlsm]Consiglio_Week'!$R:$R"), 0, COLUMNS($A:I)-1 ) ), "" )} | AU18: {=IFERROR( _xlfn.XLOOKUP( $B18, INDIRECT("'[storico profut.xlsm]Consiglio_Week'!B:B"), OFFSET( INDIRECT("'[storico profut.xlsm]Consiglio_Week'!$R:$R"), 0, COLUMNS($A:J)-1 ) ), "" )} | AV18: {=IFERROR( _xlfn.XLOOKUP( $B18, INDIRECT("'[storico profut.xlsm]Consiglio_Week'!B:B"), OFFSET( INDIRECT("'[storico profut.xlsm]Consiglio_Week'!$R:$R"), 0, COLUMNS($A:K)-1 ) ), "" )} | AW18: {=IFERROR( _xlfn.XLOOKUP( $B18, INDIRECT("'[storico profut.xlsm]Consiglio_Week'!B:B"), OFFSET( INDIRECT("'[storico profut.xlsm]Consiglio_Week'!$R:$R"), 0, COLUMNS($A:L)-1 ) ), "" )} | AX18: {=IFERROR( _xlfn.XLOOKUP( $B18, INDIRECT("'[storico profut.xlsm]Consiglio_Week'!B:B"), OFFSET( INDIRECT("'[storico profut.xlsm]Consiglio_Week'!$R:$R"), 0, COLUMNS($A:M)-1 ) ), "" )} | AY18: 0
A19: cf45 | B19: D'alessandro Giovanni | C19: 20 | D19: 2 | E19: 0.375 | F19: 0.625 | Q19: 4-4-4-4-4 | R19: 1 | S19: dc | AH19: {=+IFERROR(_xlfn.XLOOKUP($B19,INDIRECT("'[storico profut.xlsm]Consiglio_Week'!$B:$B"),INDIRECT("'[storico profut.xlsm]Consiglio_Week'!$I:$I")),"")} | AI19: {=+IFERROR(_xlfn.XLOOKUP($B19,INDIRECT("'[storico profut.xlsm]Consiglio_Week'!$B:$B"),INDIRECT("'[storico profut.xlsm]Consiglio_Week'!$L:$L")),"")} | AJ19: {=+IFERROR(_xlfn.XLOOKUP($B19,INDIRECT("'[storico profut.xlsm]Consiglio_Week'!$B:$B"),INDIRECT("'[storico profut.xlsm]Consiglio_Week'!$M:$M")),"")} | AK19: {=+IFERROR(_xlfn.XLOOKUP($B19,INDIRECT("'[storico profut.xlsm]Consiglio_Week'!$B:$B"),INDIRECT("'[storico profut.xlsm]Consiglio_Week'!$P:$P")),"")} | AL19: {=IFERROR( _xlfn.XLOOKUP( $B19, INDIRECT("'[storico profut.xlsm]Consiglio_Week'!B:B"), OFFSET( INDIRECT("'[storico profut.xlsm]Consiglio_Week'!$R:$R"), 0, COLUMNS($A:A)-1 ) ), "" )} | AM19: {=IFERROR( _xlfn.XLOOKUP( $B19, INDIRECT("'[storico profut.xlsm]Consiglio_Week'!B:B"), OFFSET( INDIRECT("'[storico profut.xlsm]Consiglio_Week'!$R:$R"), 0, COLUMNS($A:B)-1 ) ), "" )} | AN19: {=IFERROR( _xlfn.XLOOKUP( $B19, INDIRECT("'[storico profut.xlsm]Consiglio_Week'!B:B"), OFFSET( INDIRECT("'[storico profut.xlsm]Consiglio_Week'!$R:$R"), 0, COLUMNS($A:C)-1 ) ), "" )} | AO19: {=IFERROR( _xlfn.XLOOKUP( $B19, INDIRECT("'[storico profut.xlsm]Consiglio_Week'!B:B"), OFFSET( INDIRECT("'[storico profut.xlsm]Consiglio_Week'!$R:$R"), 0, COLUMNS($A:D)-1 ) ), "" )} | AP19: {=IFERROR( _xlfn.XLOOKUP( $B19, INDIRECT("'[storico profut.xlsm]Consiglio_Week'!B:B"), OFFSET( INDIRECT("'[storico profut.xlsm]Consiglio_Week'!$R:$R"), 0, COLUMNS($A:E)-1 ) ), "" )} | AQ19: {=IFERROR( _xlfn.XLOOKUP( $B19, INDIRECT("'[storico profut.xlsm]Consiglio_Week'!B:B"), OFFSET( INDIRECT("'[storico profut.xlsm]Consiglio_Week'!$R:$R"), 0, COLUMNS($A:F)-1 ) ), "" )} | AR19: {=IFERROR( _xlfn.XLOOKUP( $B19, INDIRECT("'[storico profut.xlsm]Consiglio_Week'!B:B"), OFFSET( INDIRECT("'[storico profut.xlsm]Consiglio_Week'!$R:$R"), 0, COLUMNS($A:G)-1 ) ), "" )} | AS19: {=IFERROR( _xlfn.XLOOKUP( $B19, INDIRECT("'[storico profut.xlsm]Consiglio_Week'!B:B"), OFFSET( INDIRECT("'[storico profut.xlsm]Consiglio_Week'!$R:$R"), 0, COLUMNS($A:H)-1 ) ), "" )} | AT19: {=IFERROR( _xlfn.XLOOKUP( $B19, INDIRECT("'[storico profut.xlsm]Consiglio_Week'!B:B"), OFFSET( INDIRECT("'[storico profut.xlsm]Consiglio_Week'!$R:$R"), 0, COLUMNS($A:I)-1 ) ), "" )} | AU19: {=IFERROR( _xlfn.XLOOKUP( $B19, INDIRECT("'[storico profut.xlsm]Consiglio_Week'!B:B"), OFFSET( INDIRECT("'[storico profut.xlsm]Consiglio_Week'!$R:$R"), 0, COLUMNS($A:J)-1 ) ), "" )} | AV19: {=IFERROR( _xlfn.XLOOKUP( $B19, INDIRECT("'[storico profut.xlsm]Consiglio_Week'!B:B"), OFFSET( INDIRECT("'[storico profut.xlsm]Consiglio_Week'!$R:$R"), 0, COLUMNS($A:K)-1 ) ), "" )} | AW19: {=IFERROR( _xlfn.XLOOKUP( $B19, INDIRECT("'[storico profut.xlsm]Consiglio_Week'!B:B"), OFFSET( INDIRECT("'[storico profut.xlsm]Consiglio_Week'!$R:$R"), 0, COLUMNS($A:L)-1 ) ), "" )} | AX19: {=IFERROR( _xlfn.XLOOKUP( $B19, INDIRECT("'[storico profut.xlsm]Consiglio_Week'!B:B"), OFFSET( INDIRECT("'[storico profut.xlsm]Consiglio_Week'!$R:$R"), 0, COLUMNS($A:M)-1 ) ), "" )} | AY19: 0
A20: cf46 | B20: Lisciandrello Ignazio | C20: 20 | D20: 2 | E20: 0.625 | F20: 0.875 | H20: Riposo | Q20: 4-4-4-4-4 | R20: 1 | S20: dc | AB20: Riposo | AC20: Riposo | AH20: {=+IFERROR(_xlfn.XLOOKUP($B20,INDIRECT("'[storico profut.xlsm]Consiglio_Week'!$B:$B"),INDIRECT("'[storico profut.xlsm]Consiglio_Week'!$I:$I")),"")} | AI20: {=+IFERROR(_xlfn.XLOOKUP($B20,INDIRECT("'[storico profut.xlsm]Consiglio_Week'!$B:$B"),INDIRECT("'[storico profut.xlsm]Consiglio_Week'!$L:$L")),"")} | AJ20: {=+IFERROR(_xlfn.XLOOKUP($B20,INDIRECT("'[storico profut.xlsm]Consiglio_Week'!$B:$B"),INDIRECT("'[storico profut.xlsm]Consiglio_Week'!$M:$M")),"")} | AK20: {=+IFERROR(_xlfn.XLOOKUP($B20,INDIRECT("'[storico profut.xlsm]Consiglio_Week'!$B:$B"),INDIRECT("'[storico profut.xlsm]Consiglio_Week'!$P:$P")),"")} | AL20: {=IFERROR( _xlfn.XLOOKUP( $B20, INDIRECT("'[storico profut.xlsm]Consiglio_Week'!B:B"), OFFSET( INDIRECT("'[storico profut.xlsm]Consiglio_Week'!$R:$R"), 0, COLUMNS($A:A)-1 ) ), "" )} | AM20: {=IFERROR( _xlfn.XLOOKUP( $B20, INDIRECT("'[storico profut.xlsm]Consiglio_Week'!B:B"), OFFSET( INDIRECT("'[storico profut.xlsm]Consiglio_Week'!$R:$R"), 0, COLUMNS($A:B)-1 ) ), "" )} | AN20: {=IFERROR( _xlfn.XLOOKUP( $B20, INDIRECT("'[storico profut.xlsm]Consiglio_Week'!B:B"), OFFSET( INDIRECT("'[storico profut.xlsm]Consiglio_Week'!$R:$R"), 0, COLUMNS($A:C)-1 ) ), "" )} | AO20: {=IFERROR( _xlfn.XLOOKUP( $B20, INDIRECT("'[storico profut.xlsm]Consiglio_Week'!B:B"), OFFSET( INDIRECT("'[storico profut.xlsm]Consiglio_Week'!$R:$R"), 0, COLUMNS($A:D)-1 ) ), "" )} | AP20: {=IFERROR( _xlfn.XLOOKUP( $B20, INDIRECT("'[storico profut.xlsm]Consiglio_Week'!B:B"), OFFSET( INDIRECT("'[storico profut.xlsm]Consiglio_Week'!$R:$R"), 0, COLUMNS($A:E)-1 ) ), "" )} | AQ20: {=IFERROR( _xlfn.XLOOKUP( $B20, INDIRECT("'[storico profut.xlsm]Consiglio_Week'!B:B"), OFFSET( INDIRECT("'[storico profut.xlsm]Consiglio_Week'!$R:$R"), 0, COLUMNS($A:F)-1 ) ), "" )} | AR20: {=IFERROR( _xlfn.XLOOKUP( $B20, INDIRECT("'[storico profut.xlsm]Consiglio_Week'!B:B"), OFFSET( INDIRECT("'[storico profut.xlsm]Consiglio_Week'!$R:$R"), 0, COLUMNS($A:G)-1 ) ), "" )} | AS20: {=IFERROR( _xlfn.XLOOKUP( $B20, INDIRECT("'[storico profut.xlsm]Consiglio_Week'!B:B"), OFFSET( INDIRECT("'[storico profut.xlsm]Consiglio_Week'!$R:$R"), 0, COLUMNS($A:H)-1 ) ), "" )} | AT20: {=IFERROR( _xlfn.XLOOKUP( $B20, INDIRECT("'[storico profut.xlsm]Consiglio_Week'!B:B"), OFFSET( INDIRECT("'[storico profut.xlsm]Consiglio_Week'!$R:$R"), 0, COLUMNS($A:I)-1 ) ), "" )} | AU20: {=IFERROR( _xlfn.XLOOKUP( $B20, INDIRECT("'[storico profut.xlsm]Consiglio_Week'!B:B"), OFFSET( INDIRECT("'[storico profut.xlsm]Consiglio_Week'!$R:$R"), 0, COLUMNS($A:J)-1 ) ), "" )} | AV20: {=IFERROR( _xlfn.XLOOKUP( $B20, INDIRECT("'[storico profut.xlsm]Consiglio_Week'!B:B"), OFFSET( INDIRECT("'[storico profut.xlsm]Consiglio_Week'!$R:$R"), 0, COLUMNS($A:K)-1 ) ), "" )} | AW20: {=IFERROR( _xlfn.XLOOKUP( $B20, INDIRECT("'[storico profut.xlsm]Consiglio_Week'!B:B"), OFFSET( INDIRECT("'[storico profut.xlsm]Consiglio_Week'!$R:$R"), 0, COLUMNS($A:L)-1 ) ), "" )} | AX20: {=IFERROR( _xlfn.XLOOKUP( $B20, INDIRECT("'[storico profut.xlsm]Consiglio_Week'!B:B"), OFFSET( INDIRECT("'[storico profut.xlsm]Consiglio_Week'!$R:$R"), 0, COLUMNS($A:M)-1 ) ), "" )} | AY20: 0
A21: cf47 | B21: Arnone Carmelina | C21: 20 | D21: 2 | E21: 0.625 | F21: 0.875 | G21: Riposo | H21: Riposo | Q21: 4-4-4-4-4 | R21: 1 | S21: dc | AH21: {=+IFERROR(_xlfn.XLOOKUP($B21,INDIRECT("'[storico profut.xlsm]Consiglio_Week'!$B:$B"),INDIRECT("'[storico profut.xlsm]Consiglio_Week'!$I:$I")),"")} | AI21: {=+IFERROR(_xlfn.XLOOKUP($B21,INDIRECT("'[storico profut.xlsm]Consiglio_Week'!$B:$B"),INDIRECT("'[storico profut.xlsm]Consiglio_Week'!$L:$L")),"")} | AJ21: {=+IFERROR(_xlfn.XLOOKUP($B21,INDIRECT("'[storico profut.xlsm]Consiglio_Week'!$B:$B"),INDIRECT("'[storico profut.xlsm]Consiglio_Week'!$M:$M")),"")} | AK21: {=+IFERROR(_xlfn.XLOOKUP($B21,INDIRECT("'[storico profut.xlsm]Consiglio_Week'!$B:$B"),INDIRECT("'[storico profut.xlsm]Consiglio_Week'!$P:$P")),"")} | AL21: {=IFERROR( _xlfn.XLOOKUP( $B21, INDIRECT("'[storico profut.xlsm]Consiglio_Week'!B:B"), OFFSET( INDIRECT("'[storico profut.xlsm]Consiglio_Week'!$R:$R"), 0, COLUMNS($A:A)-1 ) ), "" )} | AM21: {=IFERROR( _xlfn.XLOOKUP( $B21, INDIRECT("'[storico profut.xlsm]Consiglio_Week'!B:B"), OFFSET( INDIRECT("'[storico profut.xlsm]Consiglio_Week'!$R:$R"), 0, COLUMNS($A:B)-1 ) ), "" )} | AN21: {=IFERROR( _xlfn.XLOOKUP( $B21, INDIRECT("'[storico profut.xlsm]Consiglio_Week'!B:B"), OFFSET( INDIRECT("'[storico profut.xlsm]Consiglio_Week'!$R:$R"), 0, COLUMNS($A:C)-1 ) ), "" )} | AO21: {=IFERROR( _xlfn.XLOOKUP( $B21, INDIRECT("'[storico profut.xlsm]Consiglio_Week'!B:B"), OFFSET( INDIRECT("'[storico profut.xlsm]Consiglio_Week'!$R:$R"), 0, COLUMNS($A:D)-1 ) ), "" )} | AP21: {=IFERROR( _xlfn.XLOOKUP( $B21, INDIRECT("'[storico profut.xlsm]Consiglio_Week'!B:B"), OFFSET( INDIRECT("'[storico profut.xlsm]Consiglio_Week'!$R:$R"), 0, COLUMNS($A:E)-1 ) ), "" )} | AQ21: {=IFERROR( _xlfn.XLOOKUP( $B21, INDIRECT("'[storico profut.xlsm]Consiglio_Week'!B:B"), OFFSET( INDIRECT("'[storico profut.xlsm]Consiglio_Week'!$R:$R"), 0, COLUMNS($A:F)-1 ) ), "" )} | AR21: {=IFERROR( _xlfn.XLOOKUP( $B21, INDIRECT("'[storico profut.xlsm]Consiglio_Week'!B:B"), OFFSET( INDIRECT("'[storico profut.xlsm]Consiglio_Week'!$R:$R"), 0, COLUMNS($A:G)-1 ) ), "" )} | AS21: {=IFERROR( _xlfn.XLOOKUP( $B21, INDIRECT("'[storico profut.xlsm]Consiglio_Week'!B:B"), OFFSET( INDIRECT("'[storico profut.xlsm]Consiglio_Week'!$R:$R"), 0, COLUMNS($A:H)-1 ) ), "" )} | AT21: {=IFERROR( _xlfn.XLOOKUP( $B21, INDIRECT("'[storico profut.xlsm]Consiglio_Week'!B:B"), OFFSET( INDIRECT("'[storico profut.xlsm]Consiglio_Week'!$R:$R"), 0, COLUMNS($A:I)-1 ) ), "" )} | AU21: {=IFERROR( _xlfn.XLOOKUP( $B21, INDIRECT("'[storico profut.xlsm]Consiglio_Week'!B:B"), OFFSET( INDIRECT("'[storico profut.xlsm]Consiglio_Week'!$R:$R"), 0, COLUMNS($A:J)-1 ) ), "" )} | AV21: {=IFERROR( _xlfn.XLOOKUP( $B21, INDIRECT("'[storico profut.xlsm]Consiglio_Week'!B:B"), OFFSET( INDIRECT("'[storico profut.xlsm]Consiglio_Week'!$R:$R"), 0, COLUMNS($A:K)-1 ) ), "" )} | AW21: {=IFERROR( _xlfn.XLOOKUP( $B21, INDIRECT("'[storico profut.xlsm]Consiglio_Week'!B:B"), OFFSET( INDIRECT("'[storico profut.xlsm]Consiglio_Week'!$R:$R"), 0, COLUMNS($A:L)-1 ) ), "" )} | AX21: {=IFERROR( _xlfn.XLOOKUP( $B21, INDIRECT("'[storico profut.xlsm]Consiglio_Week'!B:B"), OFFSET( INDIRECT("'[storico profut.xlsm]Consiglio_Week'!$R:$R"), 0, COLUMNS($A:M)-1 ) ), "" )} | AY21: 0
A22: cf48 | B22: Busalacchi Fortunata | C22: 20 | D22: 2 | E22: 0.375 | F22: 0.54166667 | G22: Riposo | H22: Riposo | Q22: 4-4-4-4-4 | R22: 0 | S22: dc | AH22: {=+IFERROR(_xlfn.XLOOKUP($B22,INDIRECT("'[storico profut.xlsm]Consiglio_Week'!$B:$B"),INDIRECT("'[storico profut.xlsm]Consiglio_Week'!$I:$I")),"")} | AI22: {=+IFERROR(_xlfn.XLOOKUP($B22,INDIRECT("'[storico profut.xlsm]Consiglio_Week'!$B:$B"),INDIRECT("'[storico profut.xlsm]Consiglio_Week'!$L:$L")),"")} | AJ22: {=+IFERROR(_xlfn.XLOOKUP($B22,INDIRECT("'[storico profut.xlsm]Consiglio_Week'!$B:$B"),INDIRECT("'[storico profut.xlsm]Consiglio_Week'!$M:$M")),"")} | AK22: {=+IFERROR(_xlfn.XLOOKUP($B22,INDIRECT("'[storico profut.xlsm]Consiglio_Week'!$B:$B"),INDIRECT("'[storico profut.xlsm]Consiglio_Week'!$P:$P")),"")} | AL22: {=IFERROR( _xlfn.XLOOKUP( $B22, INDIRECT("'[storico profut.xlsm]Consiglio_Week'!B:B"), OFFSET( INDIRECT("'[storico profut.xlsm]Consiglio_Week'!$R:$R"), 0, COLUMNS($A:A)-1 ) ), "" )} | AM22: {=IFERROR( _xlfn.XLOOKUP( $B22, INDIRECT("'[storico profut.xlsm]Consiglio_Week'!B:B"), OFFSET( INDIRECT("'[storico profut.xlsm]Consiglio_Week'!$R:$R"), 0, COLUMNS($A:B)-1 ) ), "" )} | AN22: {=IFERROR( _xlfn.XLOOKUP( $B22, INDIRECT("'[storico profut.xlsm]Consiglio_Week'!B:B"), OFFSET( INDIRECT("'[storico profut.xlsm]Consiglio_Week'!$R:$R"), 0, COLUMNS($A:C)-1 ) ), "" )} | AO22: {=IFERROR( _xlfn.XLOOKUP( $B22, INDIRECT("'[storico profut.xlsm]Consiglio_Week'!B:B"), OFFSET( INDIRECT("'[storico profut.xlsm]Consiglio_Week'!$R:$R"), 0, COLUMNS($A:D)-1 ) ), "" )} | AP22: {=IFERROR( _xlfn.XLOOKUP( $B22, INDIRECT("'[storico profut.xlsm]Consiglio_Week'!B:B"), OFFSET( INDIRECT("'[storico profut.xlsm]Consiglio_Week'!$R:$R"), 0, COLUMNS($A:E)-1 ) ), "" )} | AQ22: {=IFERROR( _xlfn.XLOOKUP( $B22, INDIRECT("'[storico profut.xlsm]Consiglio_Week'!B:B"), OFFSET( INDIRECT("'[storico profut.xlsm]Consiglio_Week'!$R:$R"), 0, COLUMNS($A:F)-1 ) ), "" )} | AR22: {=IFERROR( _xlfn.XLOOKUP( $B22, INDIRECT("'[storico profut.xlsm]Consiglio_Week'!B:B"), OFFSET( INDIRECT("'[storico profut.xlsm]Consiglio_Week'!$R:$R"), 0, COLUMNS($A:G)-1 ) ), "" )} | AS22: {=IFERROR( _xlfn.XLOOKUP( $B22, INDIRECT("'[storico profut.xlsm]Consiglio_Week'!B:B"), OFFSET( INDIRECT("'[storico profut.xlsm]Consiglio_Week'!$R:$R"), 0, COLUMNS($A:H)-1 ) ), "" )} | AT22: {=IFERROR( _xlfn.XLOOKUP( $B22, INDIRECT("'[storico profut.xlsm]Consiglio_Week'!B:B"), OFFSET( INDIRECT("'[storico profut.xlsm]Consiglio_Week'!$R:$R"), 0, COLUMNS($A:I)-1 ) ), "" )} | AU22: {=IFERROR( _xlfn.XLOOKUP( $B22, INDIRECT("'[storico profut.xlsm]Consiglio_Week'!B:B"), OFFSET( INDIRECT("'[storico profut.xlsm]Consiglio_Week'!$R:$R"), 0, COLUMNS($A:J)-1 ) ), "" )} | AV22: {=IFERROR( _xlfn.XLOOKUP( $B22, INDIRECT("'[storico profut.xlsm]Consiglio_Week'!B:B"), OFFSET( INDIRECT("'[storico profut.xlsm]Consiglio_Week'!$R:$R"), 0, COLUMNS($A:K)-1 ) ), "" )} | AW22: {=IFERROR( _xlfn.XLOOKUP( $B22, INDIRECT("'[storico profut.xlsm]Consiglio_Week'!B:B"), OFFSET( INDIRECT("'[storico profut.xlsm]Consiglio_Week'!$R:$R"), 0, COLUMNS($A:L)-1 ) ), "" )} | AX22: {=IFERROR( _xlfn.XLOOKUP( $B22, INDIRECT("'[storico profut.xlsm]Consiglio_Week'!B:B"), OFFSET( INDIRECT("'[storico profut.xlsm]Consiglio_Week'!$R:$R"), 0, COLUMNS($A:M)-1 ) ), "" )} | AY22: 09-13 weekend libero
A23: cf49 | B23: Campo Cristina | C23: 20 | D23: 2 | E23: 0.625 | F23: 0.875 | H23: Riposo | Q23: 4-4-4-4-4 | R23: 1 | S23: dc | AB23: Riposo | AC23: Riposo | AH23: {=+IFERROR(_xlfn.XLOOKUP($B23,INDIRECT("'[storico profut.xlsm]Consiglio_Week'!$B:$B"),INDIRECT("'[storico profut.xlsm]Consiglio_Week'!$I:$I")),"")} | AI23: {=+IFERROR(_xlfn.XLOOKUP($B23,INDIRECT("'[storico profut.xlsm]Consiglio_Week'!$B:$B"),INDIRECT("'[storico profut.xlsm]Consiglio_Week'!$L:$L")),"")} | AJ23: {=+IFERROR(_xlfn.XLOOKUP($B23,INDIRECT("'[storico profut.xlsm]Consiglio_Week'!$B:$B"),INDIRECT("'[storico profut.xlsm]Consiglio_Week'!$M:$M")),"")} | AK23: {=+IFERROR(_xlfn.XLOOKUP($B23,INDIRECT("'[storico profut.xlsm]Consiglio_Week'!$B:$B"),INDIRECT("'[storico profut.xlsm]Consiglio_Week'!$P:$P")),"")} | AL23: {=IFERROR( _xlfn.XLOOKUP( $B23, INDIRECT("'[storico profut.xlsm]Consiglio_Week'!B:B"), OFFSET( INDIRECT("'[storico profut.xlsm]Consiglio_Week'!$R:$R"), 0, COLUMNS($A:A)-1 ) ), "" )} | AM23: {=IFERROR( _xlfn.XLOOKUP( $B23, INDIRECT("'[storico profut.xlsm]Consiglio_Week'!B:B"), OFFSET( INDIRECT("'[storico profut.xlsm]Consiglio_Week'!$R:$R"), 0, COLUMNS($A:B)-1 ) ), "" )} | AN23: {=IFERROR( _xlfn.XLOOKUP( $B23, INDIRECT("'[storico profut.xlsm]Consiglio_Week'!B:B"), OFFSET( INDIRECT("'[storico profut.xlsm]Consiglio_Week'!$R:$R"), 0, COLUMNS($A:C)-1 ) ), "" )} | AO23: {=IFERROR( _xlfn.XLOOKUP( $B23, INDIRECT("'[storico profut.xlsm]Consiglio_Week'!B:B"), OFFSET( INDIRECT("'[storico profut.xlsm]Consiglio_Week'!$R:$R"), 0, COLUMNS($A:D)-1 ) ), "" )} | AP23: {=IFERROR( _xlfn.XLOOKUP( $B23, INDIRECT("'[storico profut.xlsm]Consiglio_Week'!B:B"), OFFSET( INDIRECT("'[storico profut.xlsm]Consiglio_Week'!$R:$R"), 0, COLUMNS($A:E)-1 ) ), "" )} | AQ23: {=IFERROR( _xlfn.XLOOKUP( $B23, INDIRECT("'[storico profut.xlsm]Consiglio_Week'!B:B"), OFFSET( INDIRECT("'[storico profut.xlsm]Consiglio_Week'!$R:$R"), 0, COLUMNS($A:F)-1 ) ), "" )} | AR23: {=IFERROR( _xlfn.XLOOKUP( $B23, INDIRECT("'[storico profut.xlsm]Consiglio_Week'!B:B"), OFFSET( INDIRECT("'[storico profut.xlsm]Consiglio_Week'!$R:$R"), 0, COLUMNS($A:G)-1 ) ), "" )} | AS23: {=IFERROR( _xlfn.XLOOKUP( $B23, INDIRECT("'[storico profut.xlsm]Consiglio_Week'!B:B"), OFFSET( INDIRECT("'[storico profut.xlsm]Consiglio_Week'!$R:$R"), 0, COLUMNS($A:H)-1 ) ), "" )} | AT23: {=IFERROR( _xlfn.XLOOKUP( $B23, INDIRECT("'[storico profut.xlsm]Consiglio_Week'!B:B"), OFFSET( INDIRECT("'[storico profut.xlsm]Consiglio_Week'!$R:$R"), 0, COLUMNS($A:I)-1 ) ), "" )} | AU23: {=IFERROR( _xlfn.XLOOKUP( $B23, INDIRECT("'[storico profut.xlsm]Consiglio_Week'!B:B"), OFFSET( INDIRECT("'[storico profut.xlsm]Consiglio_Week'!$R:$R"), 0, COLUMNS($A:J)-1 ) ), "" )} | AV23: {=IFERROR( _xlfn.XLOOKUP( $B23, INDIRECT("'[storico profut.xlsm]Consiglio_Week'!B:B"), OFFSET( INDIRECT("'[storico profut.xlsm]Consiglio_Week'!$R:$R"), 0, COLUMNS($A:K)-1 ) ), "" )} | AW23: {=IFERROR( _xlfn.XLOOKUP( $B23, INDIRECT("'[storico profut.xlsm]Consiglio_Week'!B:B"), OFFSET( INDIRECT("'[storico profut.xlsm]Consiglio_Week'!$R:$R"), 0, COLUMNS($A:L)-1 ) ), "" )} | AX23: {=IFERROR( _xlfn.XLOOKUP( $B23, INDIRECT("'[storico profut.xlsm]Consiglio_Week'!B:B"), OFFSET( INDIRECT("'[storico profut.xlsm]Consiglio_Week'!$R:$R"), 0, COLUMNS($A:M)-1 ) ), "" )} | AY23: 0
A24: cf50 | B24: Campo Maria | C24: 20 | D24: 2 | E24: 0.625 | F24: 0.875 | Q24: 4-4-4-4-4 | R24: 1 | S24: dc | AH24: {=+IFERROR(_xlfn.XLOOKUP($B24,INDIRECT("'[storico profut.xlsm]Consiglio_Week'!$B:$B"),INDIRECT("'[storico profut.xlsm]Consiglio_Week'!$I:$I")),"")} | AI24: {=+IFERROR(_xlfn.XLOOKUP($B24,INDIRECT("'[storico profut.xlsm]Consiglio_Week'!$B:$B"),INDIRECT("'[storico profut.xlsm]Consiglio_Week'!$L:$L")),"")} | AJ24: {=+IFERROR(_xlfn.XLOOKUP($B24,INDIRECT("'[storico profut.xlsm]Consiglio_Week'!$B:$B"),INDIRECT("'[storico profut.xlsm]Consiglio_Week'!$M:$M")),"")} | AK24: {=+IFERROR(_xlfn.XLOOKUP($B24,INDIRECT("'[storico profut.xlsm]Consiglio_Week'!$B:$B"),INDIRECT("'[storico profut.xlsm]Consiglio_Week'!$P:$P")),"")} | AL24: {=IFERROR( _xlfn.XLOOKUP( $B24, INDIRECT("'[storico profut.xlsm]Consiglio_Week'!B:B"), OFFSET( INDIRECT("'[storico profut.xlsm]Consiglio_Week'!$R:$R"), 0, COLUMNS($A:A)-1 ) ), "" )} | AM24: {=IFERROR( _xlfn.XLOOKUP( $B24, INDIRECT("'[storico profut.xlsm]Consiglio_Week'!B:B"), OFFSET( INDIRECT("'[storico profut.xlsm]Consiglio_Week'!$R:$R"), 0, COLUMNS($A:B)-1 ) ), "" )} | AN24: {=IFERROR( _xlfn.XLOOKUP( $B24, INDIRECT("'[storico profut.xlsm]Consiglio_Week'!B:B"), OFFSET( INDIRECT("'[storico profut.xlsm]Consiglio_Week'!$R:$R"), 0, COLUMNS($A:C)-1 ) ), "" )} | AO24: {=IFERROR( _xlfn.XLOOKUP( $B24, INDIRECT("'[storico profut.xlsm]Consiglio_Week'!B:B"), OFFSET( INDIRECT("'[storico profut.xlsm]Consiglio_Week'!$R:$R"), 0, COLUMNS($A:D)-1 ) ), "" )} | AP24: {=IFERROR( _xlfn.XLOOKUP( $B24, INDIRECT("'[storico profut.xlsm]Consiglio_Week'!B:B"), OFFSET( INDIRECT("'[storico profut.xlsm]Consiglio_Week'!$R:$R"), 0, COLUMNS($A:E)-1 ) ), "" )} | AQ24: {=IFERROR( _xlfn.XLOOKUP( $B24, INDIRECT("'[storico profut.xlsm]Consiglio_Week'!B:B"), OFFSET( INDIRECT("'[storico profut.xlsm]Consiglio_Week'!$R:$R"), 0, COLUMNS($A:F)-1 ) ), "" )} | AR24: {=IFERROR( _xlfn.XLOOKUP( $B24, INDIRECT("'[storico profut.xlsm]Consiglio_Week'!B:B"), OFFSET( INDIRECT("'[storico profut.xlsm]Consiglio_Week'!$R:$R"), 0, COLUMNS($A:G)-1 ) ), "" )} | AS24: {=IFERROR( _xlfn.XLOOKUP( $B24, INDIRECT("'[storico profut.xlsm]Consiglio_Week'!B:B"), OFFSET( INDIRECT("'[storico profut.xlsm]Consiglio_Week'!$R:$R"), 0, COLUMNS($A:H)-1 ) ), "" )} | AT24: {=IFERROR( _xlfn.XLOOKUP( $B24, INDIRECT("'[storico profut.xlsm]Consiglio_Week'!B:B"), OFFSET( INDIRECT("'[storico profut.xlsm]Consiglio_Week'!$R:$R"), 0, COLUMNS($A:I)-1 ) ), "" )} | AU24: {=IFERROR( _xlfn.XLOOKUP( $B24, INDIRECT("'[storico profut.xlsm]Consiglio_Week'!B:B"), OFFSET( INDIRECT("'[storico profut.xlsm]Consiglio_Week'!$R:$R"), 0, COLUMNS($A:J)-1 ) ), "" )} | AV24: {=IFERROR( _xlfn.XLOOKUP( $B24, INDIRECT("'[storico profut.xlsm]Consiglio_Week'!B:B"), OFFSET( INDIRECT("'[storico profut.xlsm]Consiglio_Week'!$R:$R"), 0, COLUMNS($A:K)-1 ) ), "" )} | AW24: {=IFERROR( _xlfn.XLOOKUP( $B24, INDIRECT("'[storico profut.xlsm]Consiglio_Week'!B:B"), OFFSET( INDIRECT("'[storico profut.xlsm]Consiglio_Week'!$R:$R"), 0, COLUMNS($A:L)-1 ) ), "" )} | AX24: {=IFERROR( _xlfn.XLOOKUP( $B24, INDIRECT("'[storico profut.xlsm]Consiglio_Week'!B:B"), OFFSET( INDIRECT("'[storico profut.xlsm]Consiglio_Week'!$R:$R"), 0, COLUMNS($A:M)-1 ) ), "" )} | AY24: 0
A25: cf51 | B25: Di Cecco Beatrice | C25: 20 | D25: 2 | E25: 0.375 | F25: 0.625 | Q25: 4-4-4-4-4 | R25: 1 | S25: dc | AH25: {=+IFERROR(_xlfn.XLOOKUP($B25,INDIRECT("'[storico profut.xlsm]Consiglio_Week'!$B:$B"),INDIRECT("'[storico profut.xlsm]Consiglio_Week'!$I:$I")),"")} | AI25: {=+IFERROR(_xlfn.XLOOKUP($B25,INDIRECT("'[storico profut.xlsm]Consiglio_Week'!$B:$B"),INDIRECT("'[storico profut.xlsm]Consiglio_Week'!$L:$L")),"")} | AJ25: {=+IFERROR(_xlfn.XLOOKUP($B25,INDIRECT("'[storico profut.xlsm]Consiglio_Week'!$B:$B"),INDIRECT("'[storico profut.xlsm]Consiglio_Week'!$M:$M")),"")} | AK25: {=+IFERROR(_xlfn.XLOOKUP($B25,INDIRECT("'[storico profut.xlsm]Consiglio_Week'!$B:$B"),INDIRECT("'[storico profut.xlsm]Consiglio_Week'!$P:$P")),"")} | AL25: {=IFERROR( _xlfn.XLOOKUP( $B25, INDIRECT("'[storico profut.xlsm]Consiglio_Week'!B:B"), OFFSET( INDIRECT("'[storico profut.xlsm]Consiglio_Week'!$R:$R"), 0, COLUMNS($A:A)-1 ) ), "" )} | AM25: {=IFERROR( _xlfn.XLOOKUP( $B25, INDIRECT("'[storico profut.xlsm]Consiglio_Week'!B:B"), OFFSET( INDIRECT("'[storico profut.xlsm]Consiglio_Week'!$R:$R"), 0, COLUMNS($A:B)-1 ) ), "" )} | AN25: {=IFERROR( _xlfn.XLOOKUP( $B25, INDIRECT("'[storico profut.xlsm]Consiglio_Week'!B:B"), OFFSET( INDIRECT("'[storico profut.xlsm]Consiglio_Week'!$R:$R"), 0, COLUMNS($A:C)-1 ) ), "" )} | AO25: {=IFERROR( _xlfn.XLOOKUP( $B25, INDIRECT("'[storico profut.xlsm]Consiglio_Week'!B:B"), OFFSET( INDIRECT("'[storico profut.xlsm]Consiglio_Week'!$R:$R"), 0, COLUMNS($A:D)-1 ) ), "" )} | AP25: {=IFERROR( _xlfn.XLOOKUP( $B25, INDIRECT("'[storico profut.xlsm]Consiglio_Week'!B:B"), OFFSET( INDIRECT("'[storico profut.xlsm]Consiglio_Week'!$R:$R"), 0, COLUMNS($A:E)-1 ) ), "" )} | AQ25: {=IFERROR( _xlfn.XLOOKUP( $B25, INDIRECT("'[storico profut.xlsm]Consiglio_Week'!B:B"), OFFSET( INDIRECT("'[storico profut.xlsm]Consiglio_Week'!$R:$R"), 0, COLUMNS($A:F)-1 ) ), "" )} | AR25: {=IFERROR( _xlfn.XLOOKUP( $B25, INDIRECT("'[storico profut.xlsm]Consiglio_Week'!B:B"), OFFSET( INDIRECT("'[storico profut.xlsm]Consiglio_Week'!$R:$R"), 0, COLUMNS($A:G)-1 ) ), "" )} | AS25: {=IFERROR( _xlfn.XLOOKUP( $B25, INDIRECT("'[storico profut.xlsm]Consiglio_Week'!B:B"), OFFSET( INDIRECT("'[storico profut.xlsm]Consiglio_Week'!$R:$R"), 0, COLUMNS($A:H)-1 ) ), "" )} | AT25: {=IFERROR( _xlfn.XLOOKUP( $B25, INDIRECT("'[storico profut.xlsm]Consiglio_Week'!B:B"), OFFSET( INDIRECT("'[storico profut.xlsm]Consiglio_Week'!$R:$R"), 0, COLUMNS($A:I)-1 ) ), "" )} | AU25: {=IFERROR( _xlfn.XLOOKUP( $B25, INDIRECT("'[storico profut.xlsm]Consiglio_Week'!B:B"), OFFSET( INDIRECT("'[storico profut.xlsm]Consiglio_Week'!$R:$R"), 0, COLUMNS($A:J)-1 ) ), "" )} | AV25: {=IFERROR( _xlfn.XLOOKUP( $B25, INDIRECT("'[storico profut.xlsm]Consiglio_Week'!B:B"), OFFSET( INDIRECT("'[storico profut.xlsm]Consiglio_Week'!$R:$R"), 0, COLUMNS($A:K)-1 ) ), "" )} | AW25: {=IFERROR( _xlfn.XLOOKUP( $B25, INDIRECT("'[storico profut.xlsm]Consiglio_Week'!B:B"), OFFSET( INDIRECT("'[storico profut.xlsm]Consiglio_Week'!$R:$R"), 0, COLUMNS($A:L)-1 ) ), "" )} | AX25: {=IFERROR( _xlfn.XLOOKUP( $B25, INDIRECT("'[storico profut.xlsm]Consiglio_Week'!B:B"), OFFSET( INDIRECT("'[storico profut.xlsm]Consiglio_Week'!$R:$R"), 0, COLUMNS($A:M)-1 ) ), "" )} | AY25: 0
A26: cf52 | B26: Donato Biagia | C26: 20 | D26: 2 | E26: 0.375 | F26: 0.625 | G26: Riposo | H26: Riposo | Q26: 4-4-4-4-4 | R26: 1 | S26: dc | AH26: {=+IFERROR(_xlfn.XLOOKUP($B26,INDIRECT("'[storico profut.xlsm]Consiglio_Week'!$B:$B"),INDIRECT("'[storico profut.xlsm]Consiglio_Week'!$I:$I")),"")} | AI26: {=+IFERROR(_xlfn.XLOOKUP($B26,INDIRECT("'[storico profut.xlsm]Consiglio_Week'!$B:$B"),INDIRECT("'[storico profut.xlsm]Consiglio_Week'!$L:$L")),"")} | AJ26: {=+IFERROR(_xlfn.XLOOKUP($B26,INDIRECT("'[storico profut.xlsm]Consiglio_Week'!$B:$B"),INDIRECT("'[storico profut.xlsm]Consiglio_Week'!$M:$M")),"")} | AK26: {=+IFERROR(_xlfn.XLOOKUP($B26,INDIRECT("'[storico profut.xlsm]Consiglio_Week'!$B:$B"),INDIRECT("'[storico profut.xlsm]Consiglio_Week'!$P:$P")),"")} | AL26: {=IFERROR( _xlfn.XLOOKUP( $B26, INDIRECT("'[storico profut.xlsm]Consiglio_Week'!B:B"), OFFSET( INDIRECT("'[storico profut.xlsm]Consiglio_Week'!$R:$R"), 0, COLUMNS($A:A)-1 ) ), "" )} | AM26: {=IFERROR( _xlfn.XLOOKUP( $B26, INDIRECT("'[storico profut.xlsm]Consiglio_Week'!B:B"), OFFSET( INDIRECT("'[storico profut.xlsm]Consiglio_Week'!$R:$R"), 0, COLUMNS($A:B)-1 ) ), "" )} | AN26: {=IFERROR( _xlfn.XLOOKUP( $B26, INDIRECT("'[storico profut.xlsm]Consiglio_Week'!B:B"), OFFSET( INDIRECT("'[storico profut.xlsm]Consiglio_Week'!$R:$R"), 0, COLUMNS($A:C)-1 ) ), "" )} | AO26: {=IFERROR( _xlfn.XLOOKUP( $B26, INDIRECT("'[storico profut.xlsm]Consiglio_Week'!B:B"), OFFSET( INDIRECT("'[storico profut.xlsm]Consiglio_Week'!$R:$R"), 0, COLUMNS($A:D)-1 ) ), "" )} | AP26: {=IFERROR( _xlfn.XLOOKUP( $B26, INDIRECT("'[storico profut.xlsm]Consiglio_Week'!B:B"), OFFSET( INDIRECT("'[storico profut.xlsm]Consiglio_Week'!$R:$R"), 0, COLUMNS($A:E)-1 ) ), "" )} | AQ26: {=IFERROR( _xlfn.XLOOKUP( $B26, INDIRECT("'[storico profut.xlsm]Consiglio_Week'!B:B"), OFFSET( INDIRECT("'[storico profut.xlsm]Consiglio_Week'!$R:$R"), 0, COLUMNS($A:F)-1 ) ), "" )} | AR26: {=IFERROR( _xlfn.XLOOKUP( $B26, INDIRECT("'[storico profut.xlsm]Consiglio_Week'!B:B"), OFFSET( INDIRECT("'[storico profut.xlsm]Consiglio_Week'!$R:$R"), 0, COLUMNS($A:G)-1 ) ), "" )} | AS26: {=IFERROR( _xlfn.XLOOKUP( $B26, INDIRECT("'[storico profut.xlsm]Consiglio_Week'!B:B"), OFFSET( INDIRECT("'[storico profut.xlsm]Consiglio_Week'!$R:$R"), 0, COLUMNS($A:H)-1 ) ), "" )} | AT26: {=IFERROR( _xlfn.XLOOKUP( $B26, INDIRECT("'[storico profut.xlsm]Consiglio_Week'!B:B"), OFFSET( INDIRECT("'[storico profut.xlsm]Consiglio_Week'!$R:$R"), 0, COLUMNS($A:I)-1 ) ), "" )} | AU26: {=IFERROR( _xlfn.XLOOKUP( $B26, INDIRECT("'[storico profut.xlsm]Consiglio_Week'!B:B"), OFFSET( INDIRECT("'[storico profut.xlsm]Consiglio_Week'!$R:$R"), 0, COLUMNS($A:J)-1 ) ), "" )} | AV26: {=IFERROR( _xlfn.XLOOKUP( $B26, INDIRECT("'[storico profut.xlsm]Consiglio_Week'!B:B"), OFFSET( INDIRECT("'[storico profut.xlsm]Consiglio_Week'!$R:$R"), 0, COLUMNS($A:K)-1 ) ), "" )} | AW26: {=IFERROR( _xlfn.XLOOKUP( $B26, INDIRECT("'[storico profut.xlsm]Consiglio_Week'!B:B"), OFFSET( INDIRECT("'[storico profut.xlsm]Consiglio_Week'!$R:$R"), 0, COLUMNS($A:L)-1 ) ), "" )} | AX26: {=IFERROR( _xlfn.XLOOKUP( $B26, INDIRECT("'[storico profut.xlsm]Consiglio_Week'!B:B"), OFFSET( INDIRECT("'[storico profut.xlsm]Consiglio_Week'!$R:$R"), 0, COLUMNS($A:M)-1 ) ), "" )} | AY26: 0
A27: cf53 | B27: Ganci Elvira | C27: 21 | D27: 2 | E27: 0.375 | F27: 0.58333333 | G27: Riposo | H27: Riposo | Q27: 5-4-4-4-4 | R27: 0 | S27: dc | AH27: {=+IFERROR(_xlfn.XLOOKUP($B27,INDIRECT("'[storico profut.xlsm]Consiglio_Week'!$B:$B"),INDIRECT("'[storico profut.xlsm]Consiglio_Week'!$I:$I")),"")} | AI27: {=+IFERROR(_xlfn.XLOOKUP($B27,INDIRECT("'[storico profut.xlsm]Consiglio_Week'!$B:$B"),INDIRECT("'[storico profut.xlsm]Consiglio_Week'!$L:$L")),"")} | AJ27: {=+IFERROR(_xlfn.XLOOKUP($B27,INDIRECT("'[storico profut.xlsm]Consiglio_Week'!$B:$B"),INDIRECT("'[storico profut.xlsm]Consiglio_Week'!$M:$M")),"")} | AK27: {=+IFERROR(_xlfn.XLOOKUP($B27,INDIRECT("'[storico profut.xlsm]Consiglio_Week'!$B:$B"),INDIRECT("'[storico profut.xlsm]Consiglio_Week'!$P:$P")),"")} | AL27: {=IFERROR( _xlfn.XLOOKUP( $B27, INDIRECT("'[storico profut.xlsm]Consiglio_Week'!B:B"), OFFSET( INDIRECT("'[storico profut.xlsm]Consiglio_Week'!$R:$R"), 0, COLUMNS($A:A)-1 ) ), "" )} | AM27: {=IFERROR( _xlfn.XLOOKUP( $B27, INDIRECT("'[storico profut.xlsm]Consiglio_Week'!B:B"), OFFSET( INDIRECT("'[storico profut.xlsm]Consiglio_Week'!$R:$R"), 0, COLUMNS($A:B)-1 ) ), "" )} | AN27: {=IFERROR( _xlfn.XLOOKUP( $B27, INDIRECT("'[storico profut.xlsm]Consiglio_Week'!B:B"), OFFSET( INDIRECT("'[storico profut.xlsm]Consiglio_Week'!$R:$R"), 0, COLUMNS($A:C)-1 ) ), "" )} | AO27: {=IFERROR( _xlfn.XLOOKUP( $B27, INDIRECT("'[storico profut.xlsm]Consiglio_Week'!B:B"), OFFSET( INDIRECT("'[storico profut.xlsm]Consiglio_Week'!$R:$R"), 0, COLUMNS($A:D)-1 ) ), "" )} | AP27: {=IFERROR( _xlfn.XLOOKUP( $B27, INDIRECT("'[storico profut.xlsm]Consiglio_Week'!B:B"), OFFSET( INDIRECT("'[storico profut.xlsm]Consiglio_Week'!$R:$R"), 0, COLUMNS($A:E)-1 ) ), "" )} | AQ27: {=IFERROR( _xlfn.XLOOKUP( $B27, INDIRECT("'[storico profut.xlsm]Consiglio_Week'!B:B"), OFFSET( INDIRECT("'[storico profut.xlsm]Consiglio_Week'!$R:$R"), 0, COLUMNS($A:F)-1 ) ), "" )} | AR27: {=IFERROR( _xlfn.XLOOKUP( $B27, INDIRECT("'[storico profut.xlsm]Consiglio_Week'!B:B"), OFFSET( INDIRECT("'[storico profut.xlsm]Consiglio_Week'!$R:$R"), 0, COLUMNS($A:G)-1 ) ), "" )} | AS27: {=IFERROR( _xlfn.XLOOKUP( $B27, INDIRECT("'[storico profut.xlsm]Consiglio_Week'!B:B"), OFFSET( INDIRECT("'[storico profut.xlsm]Consiglio_Week'!$R:$R"), 0, COLUMNS($A:H)-1 ) ), "" )} | AT27: {=IFERROR( _xlfn.XLOOKUP( $B27, INDIRECT("'[storico profut.xlsm]Consiglio_Week'!B:B"), OFFSET( INDIRECT("'[storico profut.xlsm]Consiglio_Week'!$R:$R"), 0, COLUMNS($A:I)-1 ) ), "" )} | AU27: {=IFERROR( _xlfn.XLOOKUP( $B27, INDIRECT("'[storico profut.xlsm]Consiglio_Week'!B:B"), OFFSET( INDIRECT("'[storico profut.xlsm]Consiglio_Week'!$R:$R"), 0, COLUMNS($A:J)-1 ) ), "" )} | AV27: {=IFERROR( _xlfn.XLOOKUP( $B27, INDIRECT("'[storico profut.xlsm]Consiglio_Week'!B:B"), OFFSET( INDIRECT("'[storico profut.xlsm]Consiglio_Week'!$R:$R"), 0, COLUMNS($A:K)-1 ) ), "" )} | AW27: {=IFERROR( _xlfn.XLOOKUP( $B27, INDIRECT("'[storico profut.xlsm]Consiglio_Week'!B:B"), OFFSET( INDIRECT("'[storico profut.xlsm]Consiglio_Week'!$R:$R"), 0, COLUMNS($A:L)-1 ) ), "" )} | AX27: {=IFERROR( _xlfn.XLOOKUP( $B27, INDIRECT("'[storico profut.xlsm]Consiglio_Week'!B:B"), OFFSET( INDIRECT("'[storico profut.xlsm]Consiglio_Week'!$R:$R"), 0, COLUMNS($A:M)-1 ) ), "" )} | AY27: blocco turno 9-13 + 1gg a 5 ore
A28: cf54 | B28: Maggiore Vincenza | C28: 20 | D28: 2 | E28: 0.625 | F28: 0.875 | G28: Riposo | H28: Riposo | Q28: 4-4-4-4-4 | R28: 1 | S28: dc | AH28: {=+IFERROR(_xlfn.XLOOKUP($B28,INDIRECT("'[storico profut.xlsm]Consiglio_Week'!$B:$B"),INDIRECT("'[storico profut.xlsm]Consiglio_Week'!$I:$I")),"")} | AI28: {=+IFERROR(_xlfn.XLOOKUP($B28,INDIRECT("'[storico profut.xlsm]Consiglio_Week'!$B:$B"),INDIRECT("'[storico profut.xlsm]Consiglio_Week'!$L:$L")),"")} | AJ28: {=+IFERROR(_xlfn.XLOOKUP($B28,INDIRECT("'[storico profut.xlsm]Consiglio_Week'!$B:$B"),INDIRECT("'[storico profut.xlsm]Consiglio_Week'!$M:$M")),"")} | AK28: {=+IFERROR(_xlfn.XLOOKUP($B28,INDIRECT("'[storico profut.xlsm]Consiglio_Week'!$B:$B"),INDIRECT("'[storico profut.xlsm]Consiglio_Week'!$P:$P")),"")} | AL28: {=IFERROR( _xlfn.XLOOKUP( $B28, INDIRECT("'[storico profut.xlsm]Consiglio_Week'!B:B"), OFFSET( INDIRECT("'[storico profut.xlsm]Consiglio_Week'!$R:$R"), 0, COLUMNS($A:A)-1 ) ), "" )} | AM28: {=IFERROR( _xlfn.XLOOKUP( $B28, INDIRECT("'[storico profut.xlsm]Consiglio_Week'!B:B"), OFFSET( INDIRECT("'[storico profut.xlsm]Consiglio_Week'!$R:$R"), 0, COLUMNS($A:B)-1 ) ), "" )} | AN28: {=IFERROR( _xlfn.XLOOKUP( $B28, INDIRECT("'[storico profut.xlsm]Consiglio_Week'!B:B"), OFFSET( INDIRECT("'[storico profut.xlsm]Consiglio_Week'!$R:$R"), 0, COLUMNS($A:C)-1 ) ), "" )} | AO28: {=IFERROR( _xlfn.XLOOKUP( $B28, INDIRECT("'[storico profut.xlsm]Consiglio_Week'!B:B"), OFFSET( INDIRECT("'[storico profut.xlsm]Consiglio_Week'!$R:$R"), 0, COLUMNS($A:D)-1 ) ), "" )} | AP28: {=IFERROR( _xlfn.XLOOKUP( $B28, INDIRECT("'[storico profut.xlsm]Consiglio_Week'!B:B"), OFFSET( INDIRECT("'[storico profut.xlsm]Consiglio_Week'!$R:$R"), 0, COLUMNS($A:E)-1 ) ), "" )} | AQ28: {=IFERROR( _xlfn.XLOOKUP( $B28, INDIRECT("'[storico profut.xlsm]Consiglio_Week'!B:B"), OFFSET( INDIRECT("'[storico profut.xlsm]Consiglio_Week'!$R:$R"), 0, COLUMNS($A:F)-1 ) ), "" )} | AR28: {=IFERROR( _xlfn.XLOOKUP( $B28, INDIRECT("'[storico profut.xlsm]Consiglio_Week'!B:B"), OFFSET( INDIRECT("'[storico profut.xlsm]Consiglio_Week'!$R:$R"), 0, COLUMNS($A:G)-1 ) ), "" )} | AS28: {=IFERROR( _xlfn.XLOOKUP( $B28, INDIRECT("'[storico profut.xlsm]Consiglio_Week'!B:B"), OFFSET( INDIRECT("'[storico profut.xlsm]Consiglio_Week'!$R:$R"), 0, COLUMNS($A:H)-1 ) ), "" )} | AT28: {=IFERROR( _xlfn.XLOOKUP( $B28, INDIRECT("'[storico profut.xlsm]Consiglio_Week'!B:B"), OFFSET( INDIRECT("'[storico profut.xlsm]Consiglio_Week'!$R:$R"), 0, COLUMNS($A:I)-1 ) ), "" )} | AU28: {=IFERROR( _xlfn.XLOOKUP( $B28, INDIRECT("'[storico profut.xlsm]Consiglio_Week'!B:B"), OFFSET( INDIRECT("'[storico profut.xlsm]Consiglio_Week'!$R:$R"), 0, COLUMNS($A:J)-1 ) ), "" )} | AV28: {=IFERROR( _xlfn.XLOOKUP( $B28, INDIRECT("'[storico profut.xlsm]Consiglio_Week'!B:B"), OFFSET( INDIRECT("'[storico profut.xlsm]Consiglio_Week'!$R:$R"), 0, COLUMNS($A:K)-1 ) ), "" )} | AW28: {=IFERROR( _xlfn.XLOOKUP( $B28, INDIRECT("'[storico profut.xlsm]Consiglio_Week'!B:B"), OFFSET( INDIRECT("'[storico profut.xlsm]Consiglio_Week'!$R:$R"), 0, COLUMNS($A:L)-1 ) ), "" )} | AX28: {=IFERROR( _xlfn.XLOOKUP( $B28, INDIRECT("'[storico profut.xlsm]Consiglio_Week'!B:B"), OFFSET( INDIRECT("'[storico profut.xlsm]Consiglio_Week'!$R:$R"), 0, COLUMNS($A:M)-1 ) ), "" )} | AY28: 0
A29: cf56 | B29: Mineo Graziella | C29: 20 | D29: 2 | E29: 0.625 | F29: 0.875 | G29: Riposo | H29: Riposo | Q29: 4-4-4-4-4 | R29: 1 | S29: dc | AH29: {=+IFERROR(_xlfn.XLOOKUP($B29,INDIRECT("'[storico profut.xlsm]Consiglio_Week'!$B:$B"),INDIRECT("'[storico profut.xlsm]Consiglio_Week'!$I:$I")),"")} | AI29: {=+IFERROR(_xlfn.XLOOKUP($B29,INDIRECT("'[storico profut.xlsm]Consiglio_Week'!$B:$B"),INDIRECT("'[storico profut.xlsm]Consiglio_Week'!$L:$L")),"")} | AJ29: {=+IFERROR(_xlfn.XLOOKUP($B29,INDIRECT("'[storico profut.xlsm]Consiglio_Week'!$B:$B"),INDIRECT("'[storico profut.xlsm]Consiglio_Week'!$M:$M")),"")} | AK29: {=+IFERROR(_xlfn.XLOOKUP($B29,INDIRECT("'[storico profut.xlsm]Consiglio_Week'!$B:$B"),INDIRECT("'[storico profut.xlsm]Consiglio_Week'!$P:$P")),"")} | AL29: {=IFERROR( _xlfn.XLOOKUP( $B29, INDIRECT("'[storico profut.xlsm]Consiglio_Week'!B:B"), OFFSET( INDIRECT("'[storico profut.xlsm]Consiglio_Week'!$R:$R"), 0, COLUMNS($A:A)-1 ) ), "" )} | AM29: {=IFERROR( _xlfn.XLOOKUP( $B29, INDIRECT("'[storico profut.xlsm]Consiglio_Week'!B:B"), OFFSET( INDIRECT("'[storico profut.xlsm]Consiglio_Week'!$R:$R"), 0, COLUMNS($A:B)-1 ) ), "" )} | AN29: {=IFERROR( _xlfn.XLOOKUP( $B29, INDIRECT("'[storico profut.xlsm]Consiglio_Week'!B:B"), OFFSET( INDIRECT("'[storico profut.xlsm]Consiglio_Week'!$R:$R"), 0, COLUMNS($A:C)-1 ) ), "" )} | AO29: {=IFERROR( _xlfn.XLOOKUP( $B29, INDIRECT("'[storico profut.xlsm]Consiglio_Week'!B:B"), OFFSET( INDIRECT("'[storico profut.xlsm]Consiglio_Week'!$R:$R"), 0, COLUMNS($A:D)-1 ) ), "" )} | AP29: {=IFERROR( _xlfn.XLOOKUP( $B29, INDIRECT("'[storico profut.xlsm]Consiglio_Week'!B:B"), OFFSET( INDIRECT("'[storico profut.xlsm]Consiglio_Week'!$R:$R"), 0, COLUMNS($A:E)-1 ) ), "" )} | AQ29: {=IFERROR( _xlfn.XLOOKUP( $B29, INDIRECT("'[storico profut.xlsm]Consiglio_Week'!B:B"), OFFSET( INDIRECT("'[storico profut.xlsm]Consiglio_Week'!$R:$R"), 0, COLUMNS($A:F)-1 ) ), "" )} | AR29: {=IFERROR( _xlfn.XLOOKUP( $B29, INDIRECT("'[storico profut.xlsm]Consiglio_Week'!B:B"), OFFSET( INDIRECT("'[storico profut.xlsm]Consiglio_Week'!$R:$R"), 0, COLUMNS($A:G)-1 ) ), "" )} | AS29: {=IFERROR( _xlfn.XLOOKUP( $B29, INDIRECT("'[storico profut.xlsm]Consiglio_Week'!B:B"), OFFSET( INDIRECT("'[storico profut.xlsm]Consiglio_Week'!$R:$R"), 0, COLUMNS($A:H)-1 ) ), "" )} | AT29: {=IFERROR( _xlfn.XLOOKUP( $B29, INDIRECT("'[storico profut.xlsm]Consiglio_Week'!B:B"), OFFSET( INDIRECT("'[storico profut.xlsm]Consiglio_Week'!$R:$R"), 0, COLUMNS($A:I)-1 ) ), "" )} | AU29: {=IFERROR( _xlfn.XLOOKUP( $B29, INDIRECT("'[storico profut.xlsm]Consiglio_Week'!B:B"), OFFSET( INDIRECT("'[storico profut.xlsm]Consiglio_Week'!$R:$R"), 0, COLUMNS($A:J)-1 ) ), "" )} | AV29: {=IFERROR( _xlfn.XLOOKUP( $B29, INDIRECT("'[storico profut.xlsm]Consiglio_Week'!B:B"), OFFSET( INDIRECT("'[storico profut.xlsm]Consiglio_Week'!$R:$R"), 0, COLUMNS($A:K)-1 ) ), "" )} | AW29: {=IFERROR( _xlfn.XLOOKUP( $B29, INDIRECT("'[storico profut.xlsm]Consiglio_Week'!B:B"), OFFSET( INDIRECT("'[storico profut.xlsm]Consiglio_Week'!$R:$R"), 0, COLUMNS($A:L)-1 ) ), "" )} | AX29: {=IFERROR( _xlfn.XLOOKUP( $B29, INDIRECT("'[storico profut.xlsm]Consiglio_Week'!B:B"), OFFSET( INDIRECT("'[storico profut.xlsm]Consiglio_Week'!$R:$R"), 0, COLUMNS($A:M)-1 ) ), "" )} | AY29: 0
A30: cf57 | B30: Rossi Carlo | C30: 20 | D30: 2 | E30: 0.375 | F30: 0.625 | Q30: 4-4-4-4-4 | R30: 1 | S30: dc | AH30: {=+IFERROR(_xlfn.XLOOKUP($B30,INDIRECT("'[storico profut.xlsm]Consiglio_Week'!$B:$B"),INDIRECT("'[storico profut.xlsm]Consiglio_Week'!$I:$I")),"")} | AI30: {=+IFERROR(_xlfn.XLOOKUP($B30,INDIRECT("'[storico profut.xlsm]Consiglio_Week'!$B:$B"),INDIRECT("'[storico profut.xlsm]Consiglio_Week'!$L:$L")),"")} | AJ30: {=+IFERROR(_xlfn.XLOOKUP($B30,INDIRECT("'[storico profut.xlsm]Consiglio_Week'!$B:$B"),INDIRECT("'[storico profut.xlsm]Consiglio_Week'!$M:$M")),"")} | AK30: {=+IFERROR(_xlfn.XLOOKUP($B30,INDIRECT("'[storico profut.xlsm]Consiglio_Week'!$B:$B"),INDIRECT("'[storico profut.xlsm]Consiglio_Week'!$P:$P")),"")} | AL30: {=IFERROR( _xlfn.XLOOKUP( $B30, INDIRECT("'[storico profut.xlsm]Consiglio_Week'!B:B"), OFFSET( INDIRECT("'[storico profut.xlsm]Consiglio_Week'!$R:$R"), 0, COLUMNS($A:A)-1 ) ), "" )} | AM30: {=IFERROR( _xlfn.XLOOKUP( $B30, INDIRECT("'[storico profut.xlsm]Consiglio_Week'!B:B"), OFFSET( INDIRECT("'[storico profut.xlsm]Consiglio_Week'!$R:$R"), 0, COLUMNS($A:B)-1 ) ), "" )} | AN30: {=IFERROR( _xlfn.XLOOKUP( $B30, INDIRECT("'[storico profut.xlsm]Consiglio_Week'!B:B"), OFFSET( INDIRECT("'[storico profut.xlsm]Consiglio_Week'!$R:$R"), 0, COLUMNS($A:C)-1 ) ), "" )} | AO30: {=IFERROR( _xlfn.XLOOKUP( $B30, INDIRECT("'[storico profut.xlsm]Consiglio_Week'!B:B"), OFFSET( INDIRECT("'[storico profut.xlsm]Consiglio_Week'!$R:$R"), 0, COLUMNS($A:D)-1 ) ), "" )} | AP30: {=IFERROR( _xlfn.XLOOKUP( $B30, INDIRECT("'[storico profut.xlsm]Consiglio_Week'!B:B"), OFFSET( INDIRECT("'[storico profut.xlsm]Consiglio_Week'!$R:$R"), 0, COLUMNS($A:E)-1 ) ), "" )} | AQ30: {=IFERROR( _xlfn.XLOOKUP( $B30, INDIRECT("'[storico profut.xlsm]Consiglio_Week'!B:B"), OFFSET( INDIRECT("'[storico profut.xlsm]Consiglio_Week'!$R:$R"), 0, COLUMNS($A:F)-1 ) ), "" )} | AR30: {=IFERROR( _xlfn.XLOOKUP( $B30, INDIRECT("'[storico profut.xlsm]Consiglio_Week'!B:B"), OFFSET( INDIRECT("'[storico profut.xlsm]Consiglio_Week'!$R:$R"), 0, COLUMNS($A:G)-1 ) ), "" )} | AS30: {=IFERROR( _xlfn.XLOOKUP( $B30, INDIRECT("'[storico profut.xlsm]Consiglio_Week'!B:B"), OFFSET( INDIRECT("'[storico profut.xlsm]Consiglio_Week'!$R:$R"), 0, COLUMNS($A:H)-1 ) ), "" )} | AT30: {=IFERROR( _xlfn.XLOOKUP( $B30, INDIRECT("'[storico profut.xlsm]Consiglio_Week'!B:B"), OFFSET( INDIRECT("'[storico profut.xlsm]Consiglio_Week'!$R:$R"), 0, COLUMNS($A:I)-1 ) ), "" )} | AU30: {=IFERROR( _xlfn.XLOOKUP( $B30, INDIRECT("'[storico profut.xlsm]Consiglio_Week'!B:B"), OFFSET( INDIRECT("'[storico profut.xlsm]Consiglio_Week'!$R:$R"), 0, COLUMNS($A:J)-1 ) ), "" )} | AV30: {=IFERROR( _xlfn.XLOOKUP( $B30, INDIRECT("'[storico profut.xlsm]Consiglio_Week'!B:B"), OFFSET( INDIRECT("'[storico profut.xlsm]Consiglio_Week'!$R:$R"), 0, COLUMNS($A:K)-1 ) ), "" )} | AW30: {=IFERROR( _xlfn.XLOOKUP( $B30, INDIRECT("'[storico profut.xlsm]Consiglio_Week'!B:B"), OFFSET( INDIRECT("'[storico profut.xlsm]Consiglio_Week'!$R:$R"), 0, COLUMNS($A:L)-1 ) ), "" )} | AX30: {=IFERROR( _xlfn.XLOOKUP( $B30, INDIRECT("'[storico profut.xlsm]Consiglio_Week'!B:B"), OFFSET( INDIRECT("'[storico profut.xlsm]Consiglio_Week'!$R:$R"), 0, COLUMNS($A:M)-1 ) ), "" )} | AY30: 0
A31: cf58 | B31: Russo Grazia | C31: 20 | D31: 2 | E31: 0.375 | F31: 0.625 | Q31: 4-4-4-4-4 | R31: 1 | S31: dc | AH31: {=+IFERROR(_xlfn.XLOOKUP($B31,INDIRECT("'[storico profut.xlsm]Consiglio_Week'!$B:$B"),INDIRECT("'[storico profut.xlsm]Consiglio_Week'!$I:$I")),"")} | AI31: {=+IFERROR(_xlfn.XLOOKUP($B31,INDIRECT("'[storico profut.xlsm]Consiglio_Week'!$B:$B"),INDIRECT("'[storico profut.xlsm]Consiglio_Week'!$L:$L")),"")} | AJ31: {=+IFERROR(_xlfn.XLOOKUP($B31,INDIRECT("'[storico profut.xlsm]Consiglio_Week'!$B:$B"),INDIRECT("'[storico profut.xlsm]Consiglio_Week'!$M:$M")),"")} | AK31: {=+IFERROR(_xlfn.XLOOKUP($B31,INDIRECT("'[storico profut.xlsm]Consiglio_Week'!$B:$B"),INDIRECT("'[storico profut.xlsm]Consiglio_Week'!$P:$P")),"")} | AL31: {=IFERROR( _xlfn.XLOOKUP( $B31, INDIRECT("'[storico profut.xlsm]Consiglio_Week'!B:B"), OFFSET( INDIRECT("'[storico profut.xlsm]Consiglio_Week'!$R:$R"), 0, COLUMNS($A:A)-1 ) ), "" )} | AM31: {=IFERROR( _xlfn.XLOOKUP( $B31, INDIRECT("'[storico profut.xlsm]Consiglio_Week'!B:B"), OFFSET( INDIRECT("'[storico profut.xlsm]Consiglio_Week'!$R:$R"), 0, COLUMNS($A:B)-1 ) ), "" )} | AN31: {=IFERROR( _xlfn.XLOOKUP( $B31, INDIRECT("'[storico profut.xlsm]Consiglio_Week'!B:B"), OFFSET( INDIRECT("'[storico profut.xlsm]Consiglio_Week'!$R:$R"), 0, COLUMNS($A:C)-1 ) ), "" )} | AO31: {=IFERROR( _xlfn.XLOOKUP( $B31, INDIRECT("'[storico profut.xlsm]Consiglio_Week'!B:B"), OFFSET( INDIRECT("'[storico profut.xlsm]Consiglio_Week'!$R:$R"), 0, COLUMNS($A:D)-1 ) ), "" )} | AP31: {=IFERROR( _xlfn.XLOOKUP( $B31, INDIRECT("'[storico profut.xlsm]Consiglio_Week'!B:B"), OFFSET( INDIRECT("'[storico profut.xlsm]Consiglio_Week'!$R:$R"), 0, COLUMNS($A:E)-1 ) ), "" )} | AQ31: {=IFERROR( _xlfn.XLOOKUP( $B31, INDIRECT("'[storico profut.xlsm]Consiglio_Week'!B:B"), OFFSET( INDIRECT("'[storico profut.xlsm]Consiglio_Week'!$R:$R"), 0, COLUMNS($A:F)-1 ) ), "" )} | AR31: {=IFERROR( _xlfn.XLOOKUP( $B31, INDIRECT("'[storico profut.xlsm]Consiglio_Week'!B:B"), OFFSET( INDIRECT("'[storico profut.xlsm]Consiglio_Week'!$R:$R"), 0, COLUMNS($A:G)-1 ) ), "" )} | AS31: {=IFERROR( _xlfn.XLOOKUP( $B31, INDIRECT("'[storico profut.xlsm]Consiglio_Week'!B:B"), OFFSET( INDIRECT("'[storico profut.xlsm]Consiglio_Week'!$R:$R"), 0, COLUMNS($A:H)-1 ) ), "" )} | AT31: {=IFERROR( _xlfn.XLOOKUP( $B31, INDIRECT("'[storico profut.xlsm]Consiglio_Week'!B:B"), OFFSET( INDIRECT("'[storico profut.xlsm]Consiglio_Week'!$R:$R"), 0, COLUMNS($A:I)-1 ) ), "" )} | AU31: {=IFERROR( _xlfn.XLOOKUP( $B31, INDIRECT("'[storico profut.xlsm]Consiglio_Week'!B:B"), OFFSET( INDIRECT("'[storico profut.xlsm]Consiglio_Week'!$R:$R"), 0, COLUMNS($A:J)-1 ) ), "" )} | AV31: {=IFERROR( _xlfn.XLOOKUP( $B31, INDIRECT("'[storico profut.xlsm]Consiglio_Week'!B:B"), OFFSET( INDIRECT("'[storico profut.xlsm]Consiglio_Week'!$R:$R"), 0, COLUMNS($A:K)-1 ) ), "" )} | AW31: {=IFERROR( _xlfn.XLOOKUP( $B31, INDIRECT("'[storico profut.xlsm]Consiglio_Week'!B:B"), OFFSET( INDIRECT("'[storico profut.xlsm]Consiglio_Week'!$R:$R"), 0, COLUMNS($A:L)-1 ) ), "" )} | AX31: {=IFERROR( _xlfn.XLOOKUP( $B31, INDIRECT("'[storico profut.xlsm]Consiglio_Week'!B:B"), OFFSET( INDIRECT("'[storico profut.xlsm]Consiglio_Week'!$R:$R"), 0, COLUMNS($A:M)-1 ) ), "" )} | AY31: 0
A32: cf59 | B32: Trapani Silvia | C32: 20 | D32: 2 | E32: 0.625 | F32: 0.875 | Q32: 4-4-4-4-4 | R32: 1 | S32: dc | AH32: {=+IFERROR(_xlfn.XLOOKUP($B32,INDIRECT("'[storico profut.xlsm]Consiglio_Week'!$B:$B"),INDIRECT("'[storico profut.xlsm]Consiglio_Week'!$I:$I")),"")} | AI32: {=+IFERROR(_xlfn.XLOOKUP($B32,INDIRECT("'[storico profut.xlsm]Consiglio_Week'!$B:$B"),INDIRECT("'[storico profut.xlsm]Consiglio_Week'!$L:$L")),"")} | AJ32: {=+IFERROR(_xlfn.XLOOKUP($B32,INDIRECT("'[storico profut.xlsm]Consiglio_Week'!$B:$B"),INDIRECT("'[storico profut.xlsm]Consiglio_Week'!$M:$M")),"")} | AK32: {=+IFERROR(_xlfn.XLOOKUP($B32,INDIRECT("'[storico profut.xlsm]Consiglio_Week'!$B:$B"),INDIRECT("'[storico profut.xlsm]Consiglio_Week'!$P:$P")),"")} | AL32: {=IFERROR( _xlfn.XLOOKUP( $B32, INDIRECT("'[storico profut.xlsm]Consiglio_Week'!B:B"), OFFSET( INDIRECT("'[storico profut.xlsm]Consiglio_Week'!$R:$R"), 0, COLUMNS($A:A)-1 ) ), "" )} | AM32: {=IFERROR( _xlfn.XLOOKUP( $B32, INDIRECT("'[storico profut.xlsm]Consiglio_Week'!B:B"), OFFSET( INDIRECT("'[storico profut.xlsm]Consiglio_Week'!$R:$R"), 0, COLUMNS($A:B)-1 ) ), "" )} | AN32: {=IFERROR( _xlfn.XLOOKUP( $B32, INDIRECT("'[storico profut.xlsm]Consiglio_Week'!B:B"), OFFSET( INDIRECT("'[storico profut.xlsm]Consiglio_Week'!$R:$R"), 0, COLUMNS($A:C)-1 ) ), "" )} | AO32: {=IFERROR( _xlfn.XLOOKUP( $B32, INDIRECT("'[storico profut.xlsm]Consiglio_Week'!B:B"), OFFSET( INDIRECT("'[storico profut.xlsm]Consiglio_Week'!$R:$R"), 0, COLUMNS($A:D)-1 ) ), "" )} | AP32: {=IFERROR( _xlfn.XLOOKUP( $B32, INDIRECT("'[storico profut.xlsm]Consiglio_Week'!B:B"), OFFSET( INDIRECT("'[storico profut.xlsm]Consiglio_Week'!$R:$R"), 0, COLUMNS($A:E)-1 ) ), "" )} | AQ32: {=IFERROR( _xlfn.XLOOKUP( $B32, INDIRECT("'[storico profut.xlsm]Consiglio_Week'!B:B"), OFFSET( INDIRECT("'[storico profut.xlsm]Consiglio_Week'!$R:$R"), 0, COLUMNS($A:F)-1 ) ), "" )} | AR32: {=IFERROR( _xlfn.XLOOKUP( $B32, INDIRECT("'[storico profut.xlsm]Consiglio_Week'!B:B"), OFFSET( INDIRECT("'[storico profut.xlsm]Consiglio_Week'!$R:$R"), 0, COLUMNS($A:G)-1 ) ), "" )} | AS32: {=IFERROR( _xlfn.XLOOKUP( $B32, INDIRECT("'[storico profut.xlsm]Consiglio_Week'!B:B"), OFFSET( INDIRECT("'[storico profut.xlsm]Consiglio_Week'!$R:$R"), 0, COLUMNS($A:H)-1 ) ), "" )} | AT32: {=IFERROR( _xlfn.XLOOKUP( $B32, INDIRECT("'[storico profut.xlsm]Consiglio_Week'!B:B"), OFFSET( INDIRECT("'[storico profut.xlsm]Consiglio_Week'!$R:$R"), 0, COLUMNS($A:I)-1 ) ), "" )} | AU32: {=IFERROR( _xlfn.XLOOKUP( $B32, INDIRECT("'[storico profut.xlsm]Consiglio_Week'!B:B"), OFFSET( INDIRECT("'[storico profut.xlsm]Consiglio_Week'!$R:$R"), 0, COLUMNS($A:J)-1 ) ), "" )} | AV32: {=IFERROR( _xlfn.XLOOKUP( $B32, INDIRECT("'[storico profut.xlsm]Consiglio_Week'!B:B"), OFFSET( INDIRECT("'[storico profut.xlsm]Consiglio_Week'!$R:$R"), 0, COLUMNS($A:K)-1 ) ), "" )} | AW32: {=IFERROR( _xlfn.XLOOKUP( $B32, INDIRECT("'[storico profut.xlsm]Consiglio_Week'!B:B"), OFFSET( INDIRECT("'[storico profut.xlsm]Consiglio_Week'!$R:$R"), 0, COLUMNS($A:L)-1 ) ), "" )} | AX32: {=IFERROR( _xlfn.XLOOKUP( $B32, INDIRECT("'[storico profut.xlsm]Consiglio_Week'!B:B"), OFFSET( INDIRECT("'[storico profut.xlsm]Consiglio_Week'!$R:$R"), 0, COLUMNS($A:M)-1 ) ), "" )} | AY32: 0
A33: cf60 | B33: Vaghetto Marianna | C33: 21 | D33: 2 | E33: 0.625 | F33: 0.875 | Q33: 5-4-4-4-4 | R33: 1 | S33: dc | AH33: {=+IFERROR(_xlfn.XLOOKUP($B33,INDIRECT("'[storico profut.xlsm]Consiglio_Week'!$B:$B"),INDIRECT("'[storico profut.xlsm]Consiglio_Week'!$I:$I")),"")} | AI33: {=+IFERROR(_xlfn.XLOOKUP($B33,INDIRECT("'[storico profut.xlsm]Consiglio_Week'!$B:$B"),INDIRECT("'[storico profut.xlsm]Consiglio_Week'!$L:$L")),"")} | AJ33: {=+IFERROR(_xlfn.XLOOKUP($B33,INDIRECT("'[storico profut.xlsm]Consiglio_Week'!$B:$B"),INDIRECT("'[storico profut.xlsm]Consiglio_Week'!$M:$M")),"")} | AK33: {=+IFERROR(_xlfn.XLOOKUP($B33,INDIRECT("'[storico profut.xlsm]Consiglio_Week'!$B:$B"),INDIRECT("'[storico profut.xlsm]Consiglio_Week'!$P:$P")),"")} | AL33: {=IFERROR( _xlfn.XLOOKUP( $B33, INDIRECT("'[storico profut.xlsm]Consiglio_Week'!B:B"), OFFSET( INDIRECT("'[storico profut.xlsm]Consiglio_Week'!$R:$R"), 0, COLUMNS($A:A)-1 ) ), "" )} | AM33: {=IFERROR( _xlfn.XLOOKUP( $B33, INDIRECT("'[storico profut.xlsm]Consiglio_Week'!B:B"), OFFSET( INDIRECT("'[storico profut.xlsm]Consiglio_Week'!$R:$R"), 0, COLUMNS($A:B)-1 ) ), "" )} | AN33: {=IFERROR( _xlfn.XLOOKUP( $B33, INDIRECT("'[storico profut.xlsm]Consiglio_Week'!B:B"), OFFSET( INDIRECT("'[storico profut.xlsm]Consiglio_Week'!$R:$R"), 0, COLUMNS($A:C)-1 ) ), "" )} | AO33: {=IFERROR( _xlfn.XLOOKUP( $B33, INDIRECT("'[storico profut.xlsm]Consiglio_Week'!B:B"), OFFSET( INDIRECT("'[storico profut.xlsm]Consiglio_Week'!$R:$R"), 0, COLUMNS($A:D)-1 ) ), "" )} | AP33: {=IFERROR( _xlfn.XLOOKUP( $B33, INDIRECT("'[storico profut.xlsm]Consiglio_Week'!B:B"), OFFSET( INDIRECT("'[storico profut.xlsm]Consiglio_Week'!$R:$R"), 0, COLUMNS($A:E)-1 ) ), "" )} | AQ33: {=IFERROR( _xlfn.XLOOKUP( $B33, INDIRECT("'[storico profut.xlsm]Consiglio_Week'!B:B"), OFFSET( INDIRECT("'[storico profut.xlsm]Consiglio_Week'!$R:$R"), 0, COLUMNS($A:F)-1 ) ), "" )} | AR33: {=IFERROR( _xlfn.XLOOKUP( $B33, INDIRECT("'[storico profut.xlsm]Consiglio_Week'!B:B"), OFFSET( INDIRECT("'[storico profut.xlsm]Consiglio_Week'!$R:$R"), 0, COLUMNS($A:G)-1 ) ), "" )} | AS33: {=IFERROR( _xlfn.XLOOKUP( $B33, INDIRECT("'[storico profut.xlsm]Consiglio_Week'!B:B"), OFFSET( INDIRECT("'[storico profut.xlsm]Consiglio_Week'!$R:$R"), 0, COLUMNS($A:H)-1 ) ), "" )} | AT33: {=IFERROR( _xlfn.XLOOKUP( $B33, INDIRECT("'[storico profut.xlsm]Consiglio_Week'!B:B"), OFFSET( INDIRECT("'[storico profut.xlsm]Consiglio_Week'!$R:$R"), 0, COLUMNS($A:I)-1 ) ), "" )} | AU33: {=IFERROR( _xlfn.XLOOKUP( $B33, INDIRECT("'[storico profut.xlsm]Consiglio_Week'!B:B"), OFFSET( INDIRECT("'[storico profut.xlsm]Consiglio_Week'!$R:$R"), 0, COLUMNS($A:J)-1 ) ), "" )} | AV33: {=IFERROR( _xlfn.XLOOKUP( $B33, INDIRECT("'[storico profut.xlsm]Consiglio_Week'!B:B"), OFFSET( INDIRECT("'[storico profut.xlsm]Consiglio_Week'!$R:$R"), 0, COLUMNS($A:K)-1 ) ), "" )} | AW33: {=IFERROR( _xlfn.XLOOKUP( $B33, INDIRECT("'[storico profut.xlsm]Consiglio_Week'!B:B"), OFFSET( INDIRECT("'[storico profut.xlsm]Consiglio_Week'!$R:$R"), 0, COLUMNS($A:L)-1 ) ), "" )} | AX33: {=IFERROR( _xlfn.XLOOKUP( $B33, INDIRECT("'[storico profut.xlsm]Consiglio_Week'!B:B"), OFFSET( INDIRECT("'[storico profut.xlsm]Consiglio_Week'!$R:$R"), 0, COLUMNS($A:M)-1 ) ), "" )} | AY33: 1gg 5h
A34: cf61 | B34: Velardi Giulia | C34: 20 | D34: 2 | E34: 0.375 | F34: 0.625 | Q34: 4-4-4-4-4 | R34: 1 | S34: dc | AH34: {=+IFERROR(_xlfn.XLOOKUP($B34,INDIRECT("'[storico profut.xlsm]Consiglio_Week'!$B:$B"),INDIRECT("'[storico profut.xlsm]Consiglio_Week'!$I:$I")),"")} | AI34: {=+IFERROR(_xlfn.XLOOKUP($B34,INDIRECT("'[storico profut.xlsm]Consiglio_Week'!$B:$B"),INDIRECT("'[storico profut.xlsm]Consiglio_Week'!$L:$L")),"")} | AJ34: {=+IFERROR(_xlfn.XLOOKUP($B34,INDIRECT("'[storico profut.xlsm]Consiglio_Week'!$B:$B"),INDIRECT("'[storico profut.xlsm]Consiglio_Week'!$M:$M")),"")} | AK34: {=+IFERROR(_xlfn.XLOOKUP($B34,INDIRECT("'[storico profut.xlsm]Consiglio_Week'!$B:$B"),INDIRECT("'[storico profut.xlsm]Consiglio_Week'!$P:$P")),"")} | AL34: {=IFERROR( _xlfn.XLOOKUP( $B34, INDIRECT("'[storico profut.xlsm]Consiglio_Week'!B:B"), OFFSET( INDIRECT("'[storico profut.xlsm]Consiglio_Week'!$R:$R"), 0, COLUMNS($A:A)-1 ) ), "" )} | AM34: {=IFERROR( _xlfn.XLOOKUP( $B34, INDIRECT("'[storico profut.xlsm]Consiglio_Week'!B:B"), OFFSET( INDIRECT("'[storico profut.xlsm]Consiglio_Week'!$R:$R"), 0, COLUMNS($A:B)-1 ) ), "" )} | AN34: {=IFERROR( _xlfn.XLOOKUP( $B34, INDIRECT("'[storico profut.xlsm]Consiglio_Week'!B:B"), OFFSET( INDIRECT("'[storico profut.xlsm]Consiglio_Week'!$R:$R"), 0, COLUMNS($A:C)-1 ) ), "" )} | AO34: {=IFERROR( _xlfn.XLOOKUP( $B34, INDIRECT("'[storico profut.xlsm]Consiglio_Week'!B:B"), OFFSET( INDIRECT("'[storico profut.xlsm]Consiglio_Week'!$R:$R"), 0, COLUMNS($A:D)-1 ) ), "" )} | AP34: {=IFERROR( _xlfn.XLOOKUP( $B34, INDIRECT("'[storico profut.xlsm]Consiglio_Week'!B:B"), OFFSET( INDIRECT("'[storico profut.xlsm]Consiglio_Week'!$R:$R"), 0, COLUMNS($A:E)-1 ) ), "" )} | AQ34: {=IFERROR( _xlfn.XLOOKUP( $B34, INDIRECT("'[storico profut.xlsm]Consiglio_Week'!B:B"), OFFSET( INDIRECT("'[storico profut.xlsm]Consiglio_Week'!$R:$R"), 0, COLUMNS($A:F)-1 ) ), "" )} | AR34: {=IFERROR( _xlfn.XLOOKUP( $B34, INDIRECT("'[storico profut.xlsm]Consiglio_Week'!B:B"), OFFSET( INDIRECT("'[storico profut.xlsm]Consiglio_Week'!$R:$R"), 0, COLUMNS($A:G)-1 ) ), "" )} | AS34: {=IFERROR( _xlfn.XLOOKUP( $B34, INDIRECT("'[storico profut.xlsm]Consiglio_Week'!B:B"), OFFSET( INDIRECT("'[storico profut.xlsm]Consiglio_Week'!$R:$R"), 0, COLUMNS($A:H)-1 ) ), "" )} | AT34: {=IFERROR( _xlfn.XLOOKUP( $B34, INDIRECT("'[storico profut.xlsm]Consiglio_Week'!B:B"), OFFSET( INDIRECT("'[storico profut.xlsm]Consiglio_Week'!$R:$R"), 0, COLUMNS($A:I)-1 ) ), "" )} | AU34: {=IFERROR( _xlfn.XLOOKUP( $B34, INDIRECT("'[storico profut.xlsm]Consiglio_Week'!B:B"), OFFSET( INDIRECT("'[storico profut.xlsm]Consiglio_Week'!$R:$R"), 0, COLUMNS($A:J)-1 ) ), "" )} | AV34: {=IFERROR( _xlfn.XLOOKUP( $B34, INDIRECT("'[storico profut.xlsm]Consiglio_Week'!B:B"), OFFSET( INDIRECT("'[storico profut.xlsm]Consiglio_Week'!$R:$R"), 0, COLUMNS($A:K)-1 ) ), "" )} | AW34: {=IFERROR( _xlfn.XLOOKUP( $B34, INDIRECT("'[storico profut.xlsm]Consiglio_Week'!B:B"), OFFSET( INDIRECT("'[storico profut.xlsm]Consiglio_Week'!$R:$R"), 0, COLUMNS($A:L)-1 ) ), "" )} | AX34: {=IFERROR( _xlfn.XLOOKUP( $B34, INDIRECT("'[storico profut.xlsm]Consiglio_Week'!B:B"), OFFSET( INDIRECT("'[storico profut.xlsm]Consiglio_Week'!$R:$R"), 0, COLUMNS($A:M)-1 ) ), "" )} | AY34: 0
A35: cf64 | B35: DI Liddo Sabrina | C35: 22.5 | D35: 2 | E35: 0.375 | F35: 0.625 | H35: Riposo | Q35: 4,5-4,5-4,5-4,5-4,5 | R35: 1 | S35: dc | AB35: Riposo | AC35: Riposo | AH35: {=+IFERROR(_xlfn.XLOOKUP($B35,INDIRECT("'[storico profut.xlsm]Consiglio_Week'!$B:$B"),INDIRECT("'[storico profut.xlsm]Consiglio_Week'!$I:$I")),"")} | AI35: {=+IFERROR(_xlfn.XLOOKUP($B35,INDIRECT("'[storico profut.xlsm]Consiglio_Week'!$B:$B"),INDIRECT("'[storico profut.xlsm]Consiglio_Week'!$L:$L")),"")} | AJ35: {=+IFERROR(_xlfn.XLOOKUP($B35,INDIRECT("'[storico profut.xlsm]Consiglio_Week'!$B:$B"),INDIRECT("'[storico profut.xlsm]Consiglio_Week'!$M:$M")),"")} | AK35: {=+IFERROR(_xlfn.XLOOKUP($B35,INDIRECT("'[storico profut.xlsm]Consiglio_Week'!$B:$B"),INDIRECT("'[storico profut.xlsm]Consiglio_Week'!$P:$P")),"")} | AL35: {=IFERROR( _xlfn.XLOOKUP( $B35, INDIRECT("'[storico profut.xlsm]Consiglio_Week'!B:B"), OFFSET( INDIRECT("'[storico profut.xlsm]Consiglio_Week'!$R:$R"), 0, COLUMNS($A:A)-1 ) ), "" )} | AM35: {=IFERROR( _xlfn.XLOOKUP( $B35, INDIRECT("'[storico profut.xlsm]Consiglio_Week'!B:B"), OFFSET( INDIRECT("'[storico profut.xlsm]Consiglio_Week'!$R:$R"), 0, COLUMNS($A:B)-1 ) ), "" )} | AN35: {=IFERROR( _xlfn.XLOOKUP( $B35, INDIRECT("'[storico profut.xlsm]Consiglio_Week'!B:B"), OFFSET( INDIRECT("'[storico profut.xlsm]Consiglio_Week'!$R:$R"), 0, COLUMNS($A:C)-1 ) ), "" )} | AO35: {=IFERROR( _xlfn.XLOOKUP( $B35, INDIRECT("'[storico profut.xlsm]Consiglio_Week'!B:B"), OFFSET( INDIRECT("'[storico profut.xlsm]Consiglio_Week'!$R:$R"), 0, COLUMNS($A:D)-1 ) ), "" )} | AP35: {=IFERROR( _xlfn.XLOOKUP( $B35, INDIRECT("'[storico profut.xlsm]Consiglio_Week'!B:B"), OFFSET( INDIRECT("'[storico profut.xlsm]Consiglio_Week'!$R:$R"), 0, COLUMNS($A:E)-1 ) ), "" )} | AQ35: {=IFERROR( _xlfn.XLOOKUP( $B35, INDIRECT("'[storico profut.xlsm]Consiglio_Week'!B:B"), OFFSET( INDIRECT("'[storico profut.xlsm]Consiglio_Week'!$R:$R"), 0, COLUMNS($A:F)-1 ) ), "" )} | AR35: {=IFERROR( _xlfn.XLOOKUP( $B35, INDIRECT("'[storico profut.xlsm]Consiglio_Week'!B:B"), OFFSET( INDIRECT("'[storico profut.xlsm]Consiglio_Week'!$R:$R"), 0, COLUMNS($A:G)-1 ) ), "" )} | AS35: {=IFERROR( _xlfn.XLOOKUP( $B35, INDIRECT("'[storico profut.xlsm]Consiglio_Week'!B:B"), OFFSET( INDIRECT("'[storico profut.xlsm]Consiglio_Week'!$R:$R"), 0, COLUMNS($A:H)-1 ) ), "" )} | AT35: {=IFERROR( _xlfn.XLOOKUP( $B35, INDIRECT("'[storico profut.xlsm]Consiglio_Week'!B:B"), OFFSET( INDIRECT("'[storico profut.xlsm]Consiglio_Week'!$R:$R"), 0, COLUMNS($A:I)-1 ) ), "" )} | AU35: {=IFERROR( _xlfn.XLOOKUP( $B35, INDIRECT("'[storico profut.xlsm]Consiglio_Week'!B:B"), OFFSET( INDIRECT("'[storico profut.xlsm]Consiglio_Week'!$R:$R"), 0, COLUMNS($A:J)-1 ) ), "" )} | AV35: {=IFERROR( _xlfn.XLOOKUP( $B35, INDIRECT("'[storico profut.xlsm]Consiglio_Week'!B:B"), OFFSET( INDIRECT("'[storico profut.xlsm]Consiglio_Week'!$R:$R"), 0, COLUMNS($A:K)-1 ) ), "" )} | AW35: {=IFERROR( _xlfn.XLOOKUP( $B35, INDIRECT("'[storico profut.xlsm]Consiglio_Week'!B:B"), OFFSET( INDIRECT("'[storico profut.xlsm]Consiglio_Week'!$R:$R"), 0, COLUMNS($A:L)-1 ) ), "" )} | AX35: {=IFERROR( _xlfn.XLOOKUP( $B35, INDIRECT("'[storico profut.xlsm]Consiglio_Week'!B:B"), OFFSET( INDIRECT("'[storico profut.xlsm]Consiglio_Week'!$R:$R"), 0, COLUMNS($A:M)-1 ) ), "" )} | AY35: turni 4,5h
A36: cf65 | B36: Bonura Letizia | C36: 20 | D36: 2 | E36: 0.375 | F36: 0.625 | H36: Riposo | Q36: 4-4-4-4-4 | R36: 1 | S36: dc | AH36: {=+IFERROR(_xlfn.XLOOKUP($B36,INDIRECT("'[storico profut.xlsm]Consiglio_Week'!$B:$B"),INDIRECT("'[storico profut.xlsm]Consiglio_Week'!$I:$I")),"")} | AI36: {=+IFERROR(_xlfn.XLOOKUP($B36,INDIRECT("'[storico profut.xlsm]Consiglio_Week'!$B:$B"),INDIRECT("'[storico profut.xlsm]Consiglio_Week'!$L:$L")),"")} | AJ36: {=+IFERROR(_xlfn.XLOOKUP($B36,INDIRECT("'[storico profut.xlsm]Consiglio_Week'!$B:$B"),INDIRECT("'[storico profut.xlsm]Consiglio_Week'!$M:$M")),"")} | AK36: {=+IFERROR(_xlfn.XLOOKUP($B36,INDIRECT("'[storico profut.xlsm]Consiglio_Week'!$B:$B"),INDIRECT("'[storico profut.xlsm]Consiglio_Week'!$P:$P")),"")} | AL36: {=IFERROR( _xlfn.XLOOKUP( $B36, INDIRECT("'[storico profut.xlsm]Consiglio_Week'!B:B"), OFFSET( INDIRECT("'[storico profut.xlsm]Consiglio_Week'!$R:$R"), 0, COLUMNS($A:A)-1 ) ), "" )} | AM36: {=IFERROR( _xlfn.XLOOKUP( $B36, INDIRECT("'[storico profut.xlsm]Consiglio_Week'!B:B"), OFFSET( INDIRECT("'[storico profut.xlsm]Consiglio_Week'!$R:$R"), 0, COLUMNS($A:B)-1 ) ), "" )} | AN36: {=IFERROR( _xlfn.XLOOKUP( $B36, INDIRECT("'[storico profut.xlsm]Consiglio_Week'!B:B"), OFFSET( INDIRECT("'[storico profut.xlsm]Consiglio_Week'!$R:$R"), 0, COLUMNS($A:C)-1 ) ), "" )} | AO36: {=IFERROR( _xlfn.XLOOKUP( $B36, INDIRECT("'[storico profut.xlsm]Consiglio_Week'!B:B"), OFFSET( INDIRECT("'[storico profut.xlsm]Consiglio_Week'!$R:$R"), 0, COLUMNS($A:D)-1 ) ), "" )} | AP36: {=IFERROR( _xlfn.XLOOKUP( $B36, INDIRECT("'[storico profut.xlsm]Consiglio_Week'!B:B"), OFFSET( INDIRECT("'[storico profut.xlsm]Consiglio_Week'!$R:$R"), 0, COLUMNS($A:E)-1 ) ), "" )} | AQ36: {=IFERROR( _xlfn.XLOOKUP( $B36, INDIRECT("'[storico profut.xlsm]Consiglio_Week'!B:B"), OFFSET( INDIRECT("'[storico profut.xlsm]Consiglio_Week'!$R:$R"), 0, COLUMNS($A:F)-1 ) ), "" )} | AR36: {=IFERROR( _xlfn.XLOOKUP( $B36, INDIRECT("'[storico profut.xlsm]Consiglio_Week'!B:B"), OFFSET( INDIRECT("'[storico profut.xlsm]Consiglio_Week'!$R:$R"), 0, COLUMNS($A:G)-1 ) ), "" )} | AS36: {=IFERROR( _xlfn.XLOOKUP( $B36, INDIRECT("'[storico profut.xlsm]Consiglio_Week'!B:B"), OFFSET( INDIRECT("'[storico profut.xlsm]Consiglio_Week'!$R:$R"), 0, COLUMNS($A:H)-1 ) ), "" )} | AT36: {=IFERROR( _xlfn.XLOOKUP( $B36, INDIRECT("'[storico profut.xlsm]Consiglio_Week'!B:B"), OFFSET( INDIRECT("'[storico profut.xlsm]Consiglio_Week'!$R:$R"), 0, COLUMNS($A:I)-1 ) ), "" )} | AU36: {=IFERROR( _xlfn.XLOOKUP( $B36, INDIRECT("'[storico profut.xlsm]Consiglio_Week'!B:B"), OFFSET( INDIRECT("'[storico profut.xlsm]Consiglio_Week'!$R:$R"), 0, COLUMNS($A:J)-1 ) ), "" )} | AV36: {=IFERROR( _xlfn.XLOOKUP( $B36, INDIRECT("'[storico profut.xlsm]Consiglio_Week'!B:B"), OFFSET( INDIRECT("'[storico profut.xlsm]Consiglio_Week'!$R:$R"), 0, COLUMNS($A:K)-1 ) ), "" )} | AW36: {=IFERROR( _xlfn.XLOOKUP( $B36, INDIRECT("'[storico profut.xlsm]Consiglio_Week'!B:B"), OFFSET( INDIRECT("'[storico profut.xlsm]Consiglio_Week'!$R:$R"), 0, COLUMNS($A:L)-1 ) ), "" )} | AX36: {=IFERROR( _xlfn.XLOOKUP( $B36, INDIRECT("'[storico profut.xlsm]Consiglio_Week'!B:B"), OFFSET( INDIRECT("'[storico profut.xlsm]Consiglio_Week'!$R:$R"), 0, COLUMNS($A:M)-1 ) ), "" )} | AY36: 0
A37: cf66 | B37: Lo Iacono Gaspare | C37: 20 | D37: 2 | E37: 0.375 | F37: 0.625 | H37: Riposo | Q37: 4-4-4-4-4 | R37: 1 | S37: dc | AH37: {=+IFERROR(_xlfn.XLOOKUP($B37,INDIRECT("'[storico profut.xlsm]Consiglio_Week'!$B:$B"),INDIRECT("'[storico profut.xlsm]Consiglio_Week'!$I:$I")),"")} | AI37: {=+IFERROR(_xlfn.XLOOKUP($B37,INDIRECT("'[storico profut.xlsm]Consiglio_Week'!$B:$B"),INDIRECT("'[storico profut.xlsm]Consiglio_Week'!$L:$L")),"")} | AJ37: {=+IFERROR(_xlfn.XLOOKUP($B37,INDIRECT("'[storico profut.xlsm]Consiglio_Week'!$B:$B"),INDIRECT("'[storico profut.xlsm]Consiglio_Week'!$M:$M")),"")} | AK37: {=+IFERROR(_xlfn.XLOOKUP($B37,INDIRECT("'[storico profut.xlsm]Consiglio_Week'!$B:$B"),INDIRECT("'[storico profut.xlsm]Consiglio_Week'!$P:$P")),"")} | AL37: {=IFERROR( _xlfn.XLOOKUP( $B37, INDIRECT("'[storico profut.xlsm]Consiglio_Week'!B:B"), OFFSET( INDIRECT("'[storico profut.xlsm]Consiglio_Week'!$R:$R"), 0, COLUMNS($A:A)-1 ) ), "" )} | AM37: {=IFERROR( _xlfn.XLOOKUP( $B37, INDIRECT("'[storico profut.xlsm]Consiglio_Week'!B:B"), OFFSET( INDIRECT("'[storico profut.xlsm]Consiglio_Week'!$R:$R"), 0, COLUMNS($A:B)-1 ) ), "" )} | AN37: {=IFERROR( _xlfn.XLOOKUP( $B37, INDIRECT("'[storico profut.xlsm]Consiglio_Week'!B:B"), OFFSET( INDIRECT("'[storico profut.xlsm]Consiglio_Week'!$R:$R"), 0, COLUMNS($A:C)-1 ) ), "" )} | AO37: {=IFERROR( _xlfn.XLOOKUP( $B37, INDIRECT("'[storico profut.xlsm]Consiglio_Week'!B:B"), OFFSET( INDIRECT("'[storico profut.xlsm]Consiglio_Week'!$R:$R"), 0, COLUMNS($A:D)-1 ) ), "" )} | AP37: {=IFERROR( _xlfn.XLOOKUP( $B37, INDIRECT("'[storico profut.xlsm]Consiglio_Week'!B:B"), OFFSET( INDIRECT("'[storico profut.xlsm]Consiglio_Week'!$R:$R"), 0, COLUMNS($A:E)-1 ) ), "" )} | AQ37: {=IFERROR( _xlfn.XLOOKUP( $B37, INDIRECT("'[storico profut.xlsm]Consiglio_Week'!B:B"), OFFSET( INDIRECT("'[storico profut.xlsm]Consiglio_Week'!$R:$R"), 0, COLUMNS($A:F)-1 ) ), "" )} | AR37: {=IFERROR( _xlfn.XLOOKUP( $B37, INDIRECT("'[storico profut.xlsm]Consiglio_Week'!B:B"), OFFSET( INDIRECT("'[storico profut.xlsm]Consiglio_Week'!$R:$R"), 0, COLUMNS($A:G)-1 ) ), "" )} | AS37: {=IFERROR( _xlfn.XLOOKUP( $B37, INDIRECT("'[storico profut.xlsm]Consiglio_Week'!B:B"), OFFSET( INDIRECT("'[storico profut.xlsm]Consiglio_Week'!$R:$R"), 0, COLUMNS($A:H)-1 ) ), "" )} | AT37: {=IFERROR( _xlfn.XLOOKUP( $B37, INDIRECT("'[storico profut.xlsm]Consiglio_Week'!B:B"), OFFSET( INDIRECT("'[storico profut.xlsm]Consiglio_Week'!$R:$R"), 0, COLUMNS($A:I)-1 ) ), "" )} | AU37: {=IFERROR( _xlfn.XLOOKUP( $B37, INDIRECT("'[storico profut.xlsm]Consiglio_Week'!B:B"), OFFSET( INDIRECT("'[storico profut.xlsm]Consiglio_Week'!$R:$R"), 0, COLUMNS($A:J)-1 ) ), "" )} | AV37: {=IFERROR( _xlfn.XLOOKUP( $B37, INDIRECT("'[storico profut.xlsm]Consiglio_Week'!B:B"), OFFSET( INDIRECT("'[storico profut.xlsm]Consiglio_Week'!$R:$R"), 0, COLUMNS($A:K)-1 ) ), "" )} | AW37: {=IFERROR( _xlfn.XLOOKUP( $B37, INDIRECT("'[storico profut.xlsm]Consiglio_Week'!B:B"), OFFSET( INDIRECT("'[storico profut.xlsm]Consiglio_Week'!$R:$R"), 0, COLUMNS($A:L)-1 ) ), "" )} | AX37: {=IFERROR( _xlfn.XLOOKUP( $B37, INDIRECT("'[storico profut.xlsm]Consiglio_Week'!B:B"), OFFSET( INDIRECT("'[storico profut.xlsm]Consiglio_Week'!$R:$R"), 0, COLUMNS($A:M)-1 ) ), "" )} | AY37: 0
A38: cf67 | B38: Monteleone Giuseppe | C38: 20 | D38: 2 | E38: 0.375 | F38: 0.625 | H38: Riposo | Q38: 4-4-4-4-4 | R38: 1 | S38: dc | AH38: {=+IFERROR(_xlfn.XLOOKUP($B38,INDIRECT("'[storico profut.xlsm]Consiglio_Week'!$B:$B"),INDIRECT("'[storico profut.xlsm]Consiglio_Week'!$I:$I")),"")} | AI38: {=+IFERROR(_xlfn.XLOOKUP($B38,INDIRECT("'[storico profut.xlsm]Consiglio_Week'!$B:$B"),INDIRECT("'[storico profut.xlsm]Consiglio_Week'!$L:$L")),"")} | AJ38: {=+IFERROR(_xlfn.XLOOKUP($B38,INDIRECT("'[storico profut.xlsm]Consiglio_Week'!$B:$B"),INDIRECT("'[storico profut.xlsm]Consiglio_Week'!$M:$M")),"")} | AK38: {=+IFERROR(_xlfn.XLOOKUP($B38,INDIRECT("'[storico profut.xlsm]Consiglio_Week'!$B:$B"),INDIRECT("'[storico profut.xlsm]Consiglio_Week'!$P:$P")),"")} | AL38: {=IFERROR( _xlfn.XLOOKUP( $B38, INDIRECT("'[storico profut.xlsm]Consiglio_Week'!B:B"), OFFSET( INDIRECT("'[storico profut.xlsm]Consiglio_Week'!$R:$R"), 0, COLUMNS($A:A)-1 ) ), "" )} | AM38: {=IFERROR( _xlfn.XLOOKUP( $B38, INDIRECT("'[storico profut.xlsm]Consiglio_Week'!B:B"), OFFSET( INDIRECT("'[storico profut.xlsm]Consiglio_Week'!$R:$R"), 0, COLUMNS($A:B)-1 ) ), "" )} | AN38: {=IFERROR( _xlfn.XLOOKUP( $B38, INDIRECT("'[storico profut.xlsm]Consiglio_Week'!B:B"), OFFSET( INDIRECT("'[storico profut.xlsm]Consiglio_Week'!$R:$R"), 0, COLUMNS($A:C)-1 ) ), "" )} | AO38: {=IFERROR( _xlfn.XLOOKUP( $B38, INDIRECT("'[storico profut.xlsm]Consiglio_Week'!B:B"), OFFSET( INDIRECT("'[storico profut.xlsm]Consiglio_Week'!$R:$R"), 0, COLUMNS($A:D)-1 ) ), "" )} | AP38: {=IFERROR( _xlfn.XLOOKUP( $B38, INDIRECT("'[storico profut.xlsm]Consiglio_Week'!B:B"), OFFSET( INDIRECT("'[storico profut.xlsm]Consiglio_Week'!$R:$R"), 0, COLUMNS($A:E)-1 ) ), "" )} | AQ38: {=IFERROR( _xlfn.XLOOKUP( $B38, INDIRECT("'[storico profut.xlsm]Consiglio_Week'!B:B"), OFFSET( INDIRECT("'[storico profut.xlsm]Consiglio_Week'!$R:$R"), 0, COLUMNS($A:F)-1 ) ), "" )} | AR38: {=IFERROR( _xlfn.XLOOKUP( $B38, INDIRECT("'[storico profut.xlsm]Consiglio_Week'!B:B"), OFFSET( INDIRECT("'[storico profut.xlsm]Consiglio_Week'!$R:$R"), 0, COLUMNS($A:G)-1 ) ), "" )} | AS38: {=IFERROR( _xlfn.XLOOKUP( $B38, INDIRECT("'[storico profut.xlsm]Consiglio_Week'!B:B"), OFFSET( INDIRECT("'[storico profut.xlsm]Consiglio_Week'!$R:$R"), 0, COLUMNS($A:H)-1 ) ), "" )} | AT38: {=IFERROR( _xlfn.XLOOKUP( $B38, INDIRECT("'[storico profut.xlsm]Consiglio_Week'!B:B"), OFFSET( INDIRECT("'[storico profut.xlsm]Consiglio_Week'!$R:$R"), 0, COLUMNS($A:I)-1 ) ), "" )} | AU38: {=IFERROR( _xlfn.XLOOKUP( $B38, INDIRECT("'[storico profut.xlsm]Consiglio_Week'!B:B"), OFFSET( INDIRECT("'[storico profut.xlsm]Consiglio_Week'!$R:$R"), 0, COLUMNS($A:J)-1 ) ), "" )} | AV38: {=IFERROR( _xlfn.XLOOKUP( $B38, INDIRECT("'[storico profut.xlsm]Consiglio_Week'!B:B"), OFFSET( INDIRECT("'[storico profut.xlsm]Consiglio_Week'!$R:$R"), 0, COLUMNS($A:K)-1 ) ), "" )} | AW38: {=IFERROR( _xlfn.XLOOKUP( $B38, INDIRECT("'[storico profut.xlsm]Consiglio_Week'!B:B"), OFFSET( INDIRECT("'[storico profut.xlsm]Consiglio_Week'!$R:$R"), 0, COLUMNS($A:L)-1 ) ), "" )} | AX38: {=IFERROR( _xlfn.XLOOKUP( $B38, INDIRECT("'[storico profut.xlsm]Consiglio_Week'!B:B"), OFFSET( INDIRECT("'[storico profut.xlsm]Consiglio_Week'!$R:$R"), 0, COLUMNS($A:M)-1 ) ), "" )} | AY38: 0
A39: cf68 | B39: Navarra Annunziata | C39: 20 | D39: 2 | E39: 0.375 | F39: 0.54166667 | Q39: 4-4-4-4-4 | R39: 0 | S39: dc | AH39: {=+IFERROR(_xlfn.XLOOKUP($B39,INDIRECT("'[storico profut.xlsm]Consiglio_Week'!$B:$B"),INDIRECT("'[storico profut.xlsm]Consiglio_Week'!$I:$I")),"")} | AI39: {=+IFERROR(_xlfn.XLOOKUP($B39,INDIRECT("'[storico profut.xlsm]Consiglio_Week'!$B:$B"),INDIRECT("'[storico profut.xlsm]Consiglio_Week'!$L:$L")),"")} | AJ39: {=+IFERROR(_xlfn.XLOOKUP($B39,INDIRECT("'[storico profut.xlsm]Consiglio_Week'!$B:$B"),INDIRECT("'[storico profut.xlsm]Consiglio_Week'!$M:$M")),"")} | AK39: {=+IFERROR(_xlfn.XLOOKUP($B39,INDIRECT("'[storico profut.xlsm]Consiglio_Week'!$B:$B"),INDIRECT("'[storico profut.xlsm]Consiglio_Week'!$P:$P")),"")} | AL39: {=IFERROR( _xlfn.XLOOKUP( $B39, INDIRECT("'[storico profut.xlsm]Consiglio_Week'!B:B"), OFFSET( INDIRECT("'[storico profut.xlsm]Consiglio_Week'!$R:$R"), 0, COLUMNS($A:A)-1 ) ), "" )} | AM39: {=IFERROR( _xlfn.XLOOKUP( $B39, INDIRECT("'[storico profut.xlsm]Consiglio_Week'!B:B"), OFFSET( INDIRECT("'[storico profut.xlsm]Consiglio_Week'!$R:$R"), 0, COLUMNS($A:B)-1 ) ), "" )} | AN39: {=IFERROR( _xlfn.XLOOKUP( $B39, INDIRECT("'[storico profut.xlsm]Consiglio_Week'!B:B"), OFFSET( INDIRECT("'[storico profut.xlsm]Consiglio_Week'!$R:$R"), 0, COLUMNS($A:C)-1 ) ), "" )} | AO39: {=IFERROR( _xlfn.XLOOKUP( $B39, INDIRECT("'[storico profut.xlsm]Consiglio_Week'!B:B"), OFFSET( INDIRECT("'[storico profut.xlsm]Consiglio_Week'!$R:$R"), 0, COLUMNS($A:D)-1 ) ), "" )} | AP39: {=IFERROR( _xlfn.XLOOKUP( $B39, INDIRECT("'[storico profut.xlsm]Consiglio_Week'!B:B"), OFFSET( INDIRECT("'[storico profut.xlsm]Consiglio_Week'!$R:$R"), 0, COLUMNS($A:E)-1 ) ), "" )} | AQ39: {=IFERROR( _xlfn.XLOOKUP( $B39, INDIRECT("'[storico profut.xlsm]Consiglio_Week'!B:B"), OFFSET( INDIRECT("'[storico profut.xlsm]Consiglio_Week'!$R:$R"), 0, COLUMNS($A:F)-1 ) ), "" )} | AR39: {=IFERROR( _xlfn.XLOOKUP( $B39, INDIRECT("'[storico profut.xlsm]Consiglio_Week'!B:B"), OFFSET( INDIRECT("'[storico profut.xlsm]Consiglio_Week'!$R:$R"), 0, COLUMNS($A:G)-1 ) ), "" )} | AS39: {=IFERROR( _xlfn.XLOOKUP( $B39, INDIRECT("'[storico profut.xlsm]Consiglio_Week'!B:B"), OFFSET( INDIRECT("'[storico profut.xlsm]Consiglio_Week'!$R:$R"), 0, COLUMNS($A:H)-1 ) ), "" )} | AT39: {=IFERROR( _xlfn.XLOOKUP( $B39, INDIRECT("'[storico profut.xlsm]Consiglio_Week'!B:B"), OFFSET( INDIRECT("'[storico profut.xlsm]Consiglio_Week'!$R:$R"), 0, COLUMNS($A:I)-1 ) ), "" )} | AU39: {=IFERROR( _xlfn.XLOOKUP( $B39, INDIRECT("'[storico profut.xlsm]Consiglio_Week'!B:B"), OFFSET( INDIRECT("'[storico profut.xlsm]Consiglio_Week'!$R:$R"), 0, COLUMNS($A:J)-1 ) ), "" )} | AV39: {=IFERROR( _xlfn.XLOOKUP( $B39, INDIRECT("'[storico profut.xlsm]Consiglio_Week'!B:B"), OFFSET( INDIRECT("'[storico profut.xlsm]Consiglio_Week'!$R:$R"), 0, COLUMNS($A:K)-1 ) ), "" )} | AW39: {=IFERROR( _xlfn.XLOOKUP( $B39, INDIRECT("'[storico profut.xlsm]Consiglio_Week'!B:B"), OFFSET( INDIRECT("'[storico profut.xlsm]Consiglio_Week'!$R:$R"), 0, COLUMNS($A:L)-1 ) ), "" )} | AX39: {=IFERROR( _xlfn.XLOOKUP( $B39, INDIRECT("'[storico profut.xlsm]Consiglio_Week'!B:B"), OFFSET( INDIRECT("'[storico profut.xlsm]Consiglio_Week'!$R:$R"), 0, COLUMNS($A:M)-1 ) ), "" )} | AY39: 09-15 lun dom
A40: cf69 | B40: Elia Stefano | C40: 20 | D40: 2 | E40: 0.625 | F40: 0.875 | H40: Riposo | Q40: 4-4-4-4-4 | R40: 1 | S40: dc | AH40: {=+IFERROR(_xlfn.XLOOKUP($B40,INDIRECT("'[storico profut.xlsm]Consiglio_Week'!$B:$B"),INDIRECT("'[storico profut.xlsm]Consiglio_Week'!$I:$I")),"")} | AI40: {=+IFERROR(_xlfn.XLOOKUP($B40,INDIRECT("'[storico profut.xlsm]Consiglio_Week'!$B:$B"),INDIRECT("'[storico profut.xlsm]Consiglio_Week'!$L:$L")),"")} | AJ40: {=+IFERROR(_xlfn.XLOOKUP($B40,INDIRECT("'[storico profut.xlsm]Consiglio_Week'!$B:$B"),INDIRECT("'[storico profut.xlsm]Consiglio_Week'!$M:$M")),"")} | AK40: {=+IFERROR(_xlfn.XLOOKUP($B40,INDIRECT("'[storico profut.xlsm]Consiglio_Week'!$B:$B"),INDIRECT("'[storico profut.xlsm]Consiglio_Week'!$P:$P")),"")} | AL40: {=IFERROR( _xlfn.XLOOKUP( $B40, INDIRECT("'[storico profut.xlsm]Consiglio_Week'!B:B"), OFFSET( INDIRECT("'[storico profut.xlsm]Consiglio_Week'!$R:$R"), 0, COLUMNS($A:A)-1 ) ), "" )} | AM40: {=IFERROR( _xlfn.XLOOKUP( $B40, INDIRECT("'[storico profut.xlsm]Consiglio_Week'!B:B"), OFFSET( INDIRECT("'[storico profut.xlsm]Consiglio_Week'!$R:$R"), 0, COLUMNS($A:B)-1 ) ), "" )} | AN40: {=IFERROR( _xlfn.XLOOKUP( $B40, INDIRECT("'[storico profut.xlsm]Consiglio_Week'!B:B"), OFFSET( INDIRECT("'[storico profut.xlsm]Consiglio_Week'!$R:$R"), 0, COLUMNS($A:C)-1 ) ), "" )} | AO40: {=IFERROR( _xlfn.XLOOKUP( $B40, INDIRECT("'[storico profut.xlsm]Consiglio_Week'!B:B"), OFFSET( INDIRECT("'[storico profut.xlsm]Consiglio_Week'!$R:$R"), 0, COLUMNS($A:D)-1 ) ), "" )} | AP40: {=IFERROR( _xlfn.XLOOKUP( $B40, INDIRECT("'[storico profut.xlsm]Consiglio_Week'!B:B"), OFFSET( INDIRECT("'[storico profut.xlsm]Consiglio_Week'!$R:$R"), 0, COLUMNS($A:E)-1 ) ), "" )} | AQ40: {=IFERROR( _xlfn.XLOOKUP( $B40, INDIRECT("'[storico profut.xlsm]Consiglio_Week'!B:B"), OFFSET( INDIRECT("'[storico profut.xlsm]Consiglio_Week'!$R:$R"), 0, COLUMNS($A:F)-1 ) ), "" )} | AR40: {=IFERROR( _xlfn.XLOOKUP( $B40, INDIRECT("'[storico profut.xlsm]Consiglio_Week'!B:B"), OFFSET( INDIRECT("'[storico profut.xlsm]Consiglio_Week'!$R:$R"), 0, COLUMNS($A:G)-1 ) ), "" )} | AS40: {=IFERROR( _xlfn.XLOOKUP( $B40, INDIRECT("'[storico profut.xlsm]Consiglio_Week'!B:B"), OFFSET( INDIRECT("'[storico profut.xlsm]Consiglio_Week'!$R:$R"), 0, COLUMNS($A:H)-1 ) ), "" )} | AT40: {=IFERROR( _xlfn.XLOOKUP( $B40, INDIRECT("'[storico profut.xlsm]Consiglio_Week'!B:B"), OFFSET( INDIRECT("'[storico profut.xlsm]Consiglio_Week'!$R:$R"), 0, COLUMNS($A:I)-1 ) ), "" )} | AU40: {=IFERROR( _xlfn.XLOOKUP( $B40, INDIRECT("'[storico profut.xlsm]Consiglio_Week'!B:B"), OFFSET( INDIRECT("'[storico profut.xlsm]Consiglio_Week'!$R:$R"), 0, COLUMNS($A:J)-1 ) ), "" )} | AV40: {=IFERROR( _xlfn.XLOOKUP( $B40, INDIRECT("'[storico profut.xlsm]Consiglio_Week'!B:B"), OFFSET( INDIRECT("'[storico profut.xlsm]Consiglio_Week'!$R:$R"), 0, COLUMNS($A:K)-1 ) ), "" )} | AW40: {=IFERROR( _xlfn.XLOOKUP( $B40, INDIRECT("'[storico profut.xlsm]Consiglio_Week'!B:B"), OFFSET( INDIRECT("'[storico profut.xlsm]Consiglio_Week'!$R:$R"), 0, COLUMNS($A:L)-1 ) ), "" )} | AX40: {=IFERROR( _xlfn.XLOOKUP( $B40, INDIRECT("'[storico profut.xlsm]Consiglio_Week'!B:B"), OFFSET( INDIRECT("'[storico profut.xlsm]Consiglio_Week'!$R:$R"), 0, COLUMNS($A:M)-1 ) ), "" )} | AY40: 0
A41: cf70 | B41: Sampino Salvatore | C41: 20 | D41: 2 | E41: 0.375 | F41: 0.625 | H41: Riposo | Q41: 4-4-4-4-4 | R41: 1 | S41: dc | AH41: {=+IFERROR(_xlfn.XLOOKUP($B41,INDIRECT("'[storico profut.xlsm]Consiglio_Week'!$B:$B"),INDIRECT("'[storico profut.xlsm]Consiglio_Week'!$I:$I")),"")} | AI41: {=+IFERROR(_xlfn.XLOOKUP($B41,INDIRECT("'[storico profut.xlsm]Consiglio_Week'!$B:$B"),INDIRECT("'[storico profut.xlsm]Consiglio_Week'!$L:$L")),"")} | AJ41: {=+IFERROR(_xlfn.XLOOKUP($B41,INDIRECT("'[storico profut.xlsm]Consiglio_Week'!$B:$B"),INDIRECT("'[storico profut.xlsm]Consiglio_Week'!$M:$M")),"")} | AK41: {=+IFERROR(_xlfn.XLOOKUP($B41,INDIRECT("'[storico profut.xlsm]Consiglio_Week'!$B:$B"),INDIRECT("'[storico profut.xlsm]Consiglio_Week'!$P:$P")),"")} | AL41: {=IFERROR( _xlfn.XLOOKUP( $B41, INDIRECT("'[storico profut.xlsm]Consiglio_Week'!B:B"), OFFSET( INDIRECT("'[storico profut.xlsm]Consiglio_Week'!$R:$R"), 0, COLUMNS($A:A)-1 ) ), "" )} | AM41: {=IFERROR( _xlfn.XLOOKUP( $B41, INDIRECT("'[storico profut.xlsm]Consiglio_Week'!B:B"), OFFSET( INDIRECT("'[storico profut.xlsm]Consiglio_Week'!$R:$R"), 0, COLUMNS($A:B)-1 ) ), "" )} | AN41: {=IFERROR( _xlfn.XLOOKUP( $B41, INDIRECT("'[storico profut.xlsm]Consiglio_Week'!B:B"), OFFSET( INDIRECT("'[storico profut.xlsm]Consiglio_Week'!$R:$R"), 0, COLUMNS($A:C)-1 ) ), "" )} | AO41: {=IFERROR( _xlfn.XLOOKUP( $B41, INDIRECT("'[storico profut.xlsm]Consiglio_Week'!B:B"), OFFSET( INDIRECT("'[storico profut.xlsm]Consiglio_Week'!$R:$R"), 0, COLUMNS($A:D)-1 ) ), "" )} | AP41: {=IFERROR( _xlfn.XLOOKUP( $B41, INDIRECT("'[storico profut.xlsm]Consiglio_Week'!B:B"), OFFSET( INDIRECT("'[storico profut.xlsm]Consiglio_Week'!$R:$R"), 0, COLUMNS($A:E)-1 ) ), "" )} | AQ41: {=IFERROR( _xlfn.XLOOKUP( $B41, INDIRECT("'[storico profut.xlsm]Consiglio_Week'!B:B"), OFFSET( INDIRECT("'[storico profut.xlsm]Consiglio_Week'!$R:$R"), 0, COLUMNS($A:F)-1 ) ), "" )} | AR41: {=IFERROR( _xlfn.XLOOKUP( $B41, INDIRECT("'[storico profut.xlsm]Consiglio_Week'!B:B"), OFFSET( INDIRECT("'[storico profut.xlsm]Consiglio_Week'!$R:$R"), 0, COLUMNS($A:G)-1 ) ), "" )} | AS41: {=IFERROR( _xlfn.XLOOKUP( $B41, INDIRECT("'[storico profut.xlsm]Consiglio_Week'!B:B"), OFFSET( INDIRECT("'[storico profut.xlsm]Consiglio_Week'!$R:$R"), 0, COLUMNS($A:H)-1 ) ), "" )} | AT41: {=IFERROR( _xlfn.XLOOKUP( $B41, INDIRECT("'[storico profut.xlsm]Consiglio_Week'!B:B"), OFFSET( INDIRECT("'[storico profut.xlsm]Consiglio_Week'!$R:$R"), 0, COLUMNS($A:I)-1 ) ), "" )} | AU41: {=IFERROR( _xlfn.XLOOKUP( $B41, INDIRECT("'[storico profut.xlsm]Consiglio_Week'!B:B"), OFFSET( INDIRECT("'[storico profut.xlsm]Consiglio_Week'!$R:$R"), 0, COLUMNS($A:J)-1 ) ), "" )} | AV41: {=IFERROR( _xlfn.XLOOKUP( $B41, INDIRECT("'[storico profut.xlsm]Consiglio_Week'!B:B"), OFFSET( INDIRECT("'[storico profut.xlsm]Consiglio_Week'!$R:$R"), 0, COLUMNS($A:K)-1 ) ), "" )} | AW41: {=IFERROR( _xlfn.XLOOKUP( $B41, INDIRECT("'[storico profut.xlsm]Consiglio_Week'!B:B"), OFFSET( INDIRECT("'[storico profut.xlsm]Consiglio_Week'!$R:$R"), 0, COLUMNS($A:L)-1 ) ), "" )} | AX41: {=IFERROR( _xlfn.XLOOKUP( $B41, INDIRECT("'[storico profut.xlsm]Consiglio_Week'!B:B"), OFFSET( INDIRECT("'[storico profut.xlsm]Consiglio_Week'!$R:$R"), 0, COLUMNS($A:M)-1 ) ), "" )} | AY41: 0
A42: cf71 | B42: Siragusa Teresa | C42: 20 | D42: 2 | E42: 0.375 | F42: 0.625 | Q42: 4-4-4-4-4 | R42: 1 | S42: dc | AH42: {=+IFERROR(_xlfn.XLOOKUP($B42,INDIRECT("'[storico profut.xlsm]Consiglio_Week'!$B:$B"),INDIRECT("'[storico profut.xlsm]Consiglio_Week'!$I:$I")),"")} | AI42: {=+IFERROR(_xlfn.XLOOKUP($B42,INDIRECT("'[storico profut.xlsm]Consiglio_Week'!$B:$B"),INDIRECT("'[storico profut.xlsm]Consiglio_Week'!$L:$L")),"")} | AJ42: {=+IFERROR(_xlfn.XLOOKUP($B42,INDIRECT("'[storico profut.xlsm]Consiglio_Week'!$B:$B"),INDIRECT("'[storico profut.xlsm]Consiglio_Week'!$M:$M")),"")} | AK42: {=+IFERROR(_xlfn.XLOOKUP($B42,INDIRECT("'[storico profut.xlsm]Consiglio_Week'!$B:$B"),INDIRECT("'[storico profut.xlsm]Consiglio_Week'!$P:$P")),"")} | AL42: {=IFERROR( _xlfn.XLOOKUP( $B42, INDIRECT("'[storico profut.xlsm]Consiglio_Week'!B:B"), OFFSET( INDIRECT("'[storico profut.xlsm]Consiglio_Week'!$R:$R"), 0, COLUMNS($A:A)-1 ) ), "" )} | AM42: {=IFERROR( _xlfn.XLOOKUP( $B42, INDIRECT("'[storico profut.xlsm]Consiglio_Week'!B:B"), OFFSET( INDIRECT("'[storico profut.xlsm]Consiglio_Week'!$R:$R"), 0, COLUMNS($A:B)-1 ) ), "" )} | AN42: {=IFERROR( _xlfn.XLOOKUP( $B42, INDIRECT("'[storico profut.xlsm]Consiglio_Week'!B:B"), OFFSET( INDIRECT("'[storico profut.xlsm]Consiglio_Week'!$R:$R"), 0, COLUMNS($A:C)-1 ) ), "" )} | AO42: {=IFERROR( _xlfn.XLOOKUP( $B42, INDIRECT("'[storico profut.xlsm]Consiglio_Week'!B:B"), OFFSET( INDIRECT("'[storico profut.xlsm]Consiglio_Week'!$R:$R"), 0, COLUMNS($A:D)-1 ) ), "" )} | AP42: {=IFERROR( _xlfn.XLOOKUP( $B42, INDIRECT("'[storico profut.xlsm]Consiglio_Week'!B:B"), OFFSET( INDIRECT("'[storico profut.xlsm]Consiglio_Week'!$R:$R"), 0, COLUMNS($A:E)-1 ) ), "" )} | AQ42: {=IFERROR( _xlfn.XLOOKUP( $B42, INDIRECT("'[storico profut.xlsm]Consiglio_Week'!B:B"), OFFSET( INDIRECT("'[storico profut.xlsm]Consiglio_Week'!$R:$R"), 0, COLUMNS($A:F)-1 ) ), "" )} | AR42: {=IFERROR( _xlfn.XLOOKUP( $B42, INDIRECT("'[storico profut.xlsm]Consiglio_Week'!B:B"), OFFSET( INDIRECT("'[storico profut.xlsm]Consiglio_Week'!$R:$R"), 0, COLUMNS($A:G)-1 ) ), "" )} | AS42: {=IFERROR( _xlfn.XLOOKUP( $B42, INDIRECT("'[storico profut.xlsm]Consiglio_Week'!B:B"), OFFSET( INDIRECT("'[storico profut.xlsm]Consiglio_Week'!$R:$R"), 0, COLUMNS($A:H)-1 ) ), "" )} | AT42: {=IFERROR( _xlfn.XLOOKUP( $B42, INDIRECT("'[storico profut.xlsm]Consiglio_Week'!B:B"), OFFSET( INDIRECT("'[storico profut.xlsm]Consiglio_Week'!$R:$R"), 0, COLUMNS($A:I)-1 ) ), "" )} | AU42: {=IFERROR( _xlfn.XLOOKUP( $B42, INDIRECT("'[storico profut.xlsm]Consiglio_Week'!B:B"), OFFSET( INDIRECT("'[storico profut.xlsm]Consiglio_Week'!$R:$R"), 0, COLUMNS($A:J)-1 ) ), "" )} | AV42: {=IFERROR( _xlfn.XLOOKUP( $B42, INDIRECT("'[storico profut.xlsm]Consiglio_Week'!B:B"), OFFSET( INDIRECT("'[storico profut.xlsm]Consiglio_Week'!$R:$R"), 0, COLUMNS($A:K)-1 ) ), "" )} | AW42: {=IFERROR( _xlfn.XLOOKUP( $B42, INDIRECT("'[storico profut.xlsm]Consiglio_Week'!B:B"), OFFSET( INDIRECT("'[storico profut.xlsm]Consiglio_Week'!$R:$R"), 0, COLUMNS($A:L)-1 ) ), "" )} | AX42: {=IFERROR( _xlfn.XLOOKUP( $B42, INDIRECT("'[storico profut.xlsm]Consiglio_Week'!B:B"), OFFSET( INDIRECT("'[storico profut.xlsm]Consiglio_Week'!$R:$R"), 0, COLUMNS($A:M)-1 ) ), "" )} | AY42: 0
A43: cf72 | B43: Barresi Vincenza | C43: 20 | D43: 2 | E43: 0.375 | F43: 0.625 | H43: Riposo | Q43: 4-4-4-4-4 | R43: 1 | S43: ps | AH43: {=+IFERROR(_xlfn.XLOOKUP($B43,INDIRECT("'[storico profut.xlsm]Consiglio_Week'!$B:$B"),INDIRECT("'[storico profut.xlsm]Consiglio_Week'!$I:$I")),"")} | AI43: {=+IFERROR(_xlfn.XLOOKUP($B43,INDIRECT("'[storico profut.xlsm]Consiglio_Week'!$B:$B"),INDIRECT("'[storico profut.xlsm]Consiglio_Week'!$L:$L")),"")} | AJ43: {=+IFERROR(_xlfn.XLOOKUP($B43,INDIRECT("'[storico profut.xlsm]Consiglio_Week'!$B:$B"),INDIRECT("'[storico profut.xlsm]Consiglio_Week'!$M:$M")),"")} | AK43: {=+IFERROR(_xlfn.XLOOKUP($B43,INDIRECT("'[storico profut.xlsm]Consiglio_Week'!$B:$B"),INDIRECT("'[storico profut.xlsm]Consiglio_Week'!$P:$P")),"")} | AL43: {=IFERROR( _xlfn.XLOOKUP( $B43, INDIRECT("'[storico profut.xlsm]Consiglio_Week'!B:B"), OFFSET( INDIRECT("'[storico profut.xlsm]Consiglio_Week'!$R:$R"), 0, COLUMNS($A:A)-1 ) ), "" )} | AM43: {=IFERROR( _xlfn.XLOOKUP( $B43, INDIRECT("'[storico profut.xlsm]Consiglio_Week'!B:B"), OFFSET( INDIRECT("'[storico profut.xlsm]Consiglio_Week'!$R:$R"), 0, COLUMNS($A:B)-1 ) ), "" )} | AN43: {=IFERROR( _xlfn.XLOOKUP( $B43, INDIRECT("'[storico profut.xlsm]Consiglio_Week'!B:B"), OFFSET( INDIRECT("'[storico profut.xlsm]Consiglio_Week'!$R:$R"), 0, COLUMNS($A:C)-1 ) ), "" )} | AO43: {=IFERROR( _xlfn.XLOOKUP( $B43, INDIRECT("'[storico profut.xlsm]Consiglio_Week'!B:B"), OFFSET( INDIRECT("'[storico profut.xlsm]Consiglio_Week'!$R:$R"), 0, COLUMNS($A:D)-1 ) ), "" )} | AP43: {=IFERROR( _xlfn.XLOOKUP( $B43, INDIRECT("'[storico profut.xlsm]Consiglio_Week'!B:B"), OFFSET( INDIRECT("'[storico profut.xlsm]Consiglio_Week'!$R:$R"), 0, COLUMNS($A:E)-1 ) ), "" )} | AQ43: {=IFERROR( _xlfn.XLOOKUP( $B43, INDIRECT("'[storico profut.xlsm]Consiglio_Week'!B:B"), OFFSET( INDIRECT("'[storico profut.xlsm]Consiglio_Week'!$R:$R"), 0, COLUMNS($A:F)-1 ) ), "" )} | AR43: {=IFERROR( _xlfn.XLOOKUP( $B43, INDIRECT("'[storico profut.xlsm]Consiglio_Week'!B:B"), OFFSET( INDIRECT("'[storico profut.xlsm]Consiglio_Week'!$R:$R"), 0, COLUMNS($A:G)-1 ) ), "" )} | AS43: {=IFERROR( _xlfn.XLOOKUP( $B43, INDIRECT("'[storico profut.xlsm]Consiglio_Week'!B:B"), OFFSET( INDIRECT("'[storico profut.xlsm]Consiglio_Week'!$R:$R"), 0, COLUMNS($A:H)-1 ) ), "" )} | AT43: {=IFERROR( _xlfn.XLOOKUP( $B43, INDIRECT("'[storico profut.xlsm]Consiglio_Week'!B:B"), OFFSET( INDIRECT("'[storico profut.xlsm]Consiglio_Week'!$R:$R"), 0, COLUMNS($A:I)-1 ) ), "" )} | AU43: {=IFERROR( _xlfn.XLOOKUP( $B43, INDIRECT("'[storico profut.xlsm]Consiglio_Week'!B:B"), OFFSET( INDIRECT("'[storico profut.xlsm]Consiglio_Week'!$R:$R"), 0, COLUMNS($A:J)-1 ) ), "" )} | AV43: {=IFERROR( _xlfn.XLOOKUP( $B43, INDIRECT("'[storico profut.xlsm]Consiglio_Week'!B:B"), OFFSET( INDIRECT("'[storico profut.xlsm]Consiglio_Week'!$R:$R"), 0, COLUMNS($A:K)-1 ) ), "" )} | AW43: {=IFERROR( _xlfn.XLOOKUP( $B43, INDIRECT("'[storico profut.xlsm]Consiglio_Week'!B:B"), OFFSET( INDIRECT("'[storico profut.xlsm]Consiglio_Week'!$R:$R"), 0, COLUMNS($A:L)-1 ) ), "" )} | AX43: {=IFERROR( _xlfn.XLOOKUP( $B43, INDIRECT("'[storico profut.xlsm]Consiglio_Week'!B:B"), OFFSET( INDIRECT("'[storico profut.xlsm]Consiglio_Week'!$R:$R"), 0, COLUMNS($A:M)-1 ) ), "" )} | AY43: 0
A44: cf73 | B44: Ferro Antonella | C44: 20 | D44: 2 | E44: 0.375 | F44: 0.54166667 | G44: Riposo | H44: Riposo | Q44: 4-4-4-4-4 | R44: 0 | S44: ps | AH44: {=+IFERROR(_xlfn.XLOOKUP($B44,INDIRECT("'[storico profut.xlsm]Consiglio_Week'!$B:$B"),INDIRECT("'[storico profut.xlsm]Consiglio_Week'!$I:$I")),"")} | AI44: {=+IFERROR(_xlfn.XLOOKUP($B44,INDIRECT("'[storico profut.xlsm]Consiglio_Week'!$B:$B"),INDIRECT("'[storico profut.xlsm]Consiglio_Week'!$L:$L")),"")} | AJ44: {=+IFERROR(_xlfn.XLOOKUP($B44,INDIRECT("'[storico profut.xlsm]Consiglio_Week'!$B:$B"),INDIRECT("'[storico profut.xlsm]Consiglio_Week'!$M:$M")),"")} | AK44: {=+IFERROR(_xlfn.XLOOKUP($B44,INDIRECT("'[storico profut.xlsm]Consiglio_Week'!$B:$B"),INDIRECT("'[storico profut.xlsm]Consiglio_Week'!$P:$P")),"")} | AL44: {=IFERROR( _xlfn.XLOOKUP( $B44, INDIRECT("'[storico profut.xlsm]Consiglio_Week'!B:B"), OFFSET( INDIRECT("'[storico profut.xlsm]Consiglio_Week'!$R:$R"), 0, COLUMNS($A:A)-1 ) ), "" )} | AM44: {=IFERROR( _xlfn.XLOOKUP( $B44, INDIRECT("'[storico profut.xlsm]Consiglio_Week'!B:B"), OFFSET( INDIRECT("'[storico profut.xlsm]Consiglio_Week'!$R:$R"), 0, COLUMNS($A:B)-1 ) ), "" )} | AN44: {=IFERROR( _xlfn.XLOOKUP( $B44, INDIRECT("'[storico profut.xlsm]Consiglio_Week'!B:B"), OFFSET( INDIRECT("'[storico profut.xlsm]Consiglio_Week'!$R:$R"), 0, COLUMNS($A:C)-1 ) ), "" )} | AO44: {=IFERROR( _xlfn.XLOOKUP( $B44, INDIRECT("'[storico profut.xlsm]Consiglio_Week'!B:B"), OFFSET( INDIRECT("'[storico profut.xlsm]Consiglio_Week'!$R:$R"), 0, COLUMNS($A:D)-1 ) ), "" )} | AP44: {=IFERROR( _xlfn.XLOOKUP( $B44, INDIRECT("'[storico profut.xlsm]Consiglio_Week'!B:B"), OFFSET( INDIRECT("'[storico profut.xlsm]Consiglio_Week'!$R:$R"), 0, COLUMNS($A:E)-1 ) ), "" )} | AQ44: {=IFERROR( _xlfn.XLOOKUP( $B44, INDIRECT("'[storico profut.xlsm]Consiglio_Week'!B:B"), OFFSET( INDIRECT("'[storico profut.xlsm]Consiglio_Week'!$R:$R"), 0, COLUMNS($A:F)-1 ) ), "" )} | AR44: {=IFERROR( _xlfn.XLOOKUP( $B44, INDIRECT("'[storico profut.xlsm]Consiglio_Week'!B:B"), OFFSET( INDIRECT("'[storico profut.xlsm]Consiglio_Week'!$R:$R"), 0, COLUMNS($A:G)-1 ) ), "" )} | AS44: {=IFERROR( _xlfn.XLOOKUP( $B44, INDIRECT("'[storico profut.xlsm]Consiglio_Week'!B:B"), OFFSET( INDIRECT("'[storico profut.xlsm]Consiglio_Week'!$R:$R"), 0, COLUMNS($A:H)-1 ) ), "" )} | AT44: {=IFERROR( _xlfn.XLOOKUP( $B44, INDIRECT("'[storico profut.xlsm]Consiglio_Week'!B:B"), OFFSET( INDIRECT("'[storico profut.xlsm]Consiglio_Week'!$R:$R"), 0, COLUMNS($A:I)-1 ) ), "" )} | AU44: {=IFERROR( _xlfn.XLOOKUP( $B44, INDIRECT("'[storico profut.xlsm]Consiglio_Week'!B:B"), OFFSET( INDIRECT("'[storico profut.xlsm]Consiglio_Week'!$R:$R"), 0, COLUMNS($A:J)-1 ) ), "" )} | AV44: {=IFERROR( _xlfn.XLOOKUP( $B44, INDIRECT("'[storico profut.xlsm]Consiglio_Week'!B:B"), OFFSET( INDIRECT("'[storico profut.xlsm]Consiglio_Week'!$R:$R"), 0, COLUMNS($A:K)-1 ) ), "" )} | AW44: {=IFERROR( _xlfn.XLOOKUP( $B44, INDIRECT("'[storico profut.xlsm]Consiglio_Week'!B:B"), OFFSET( INDIRECT("'[storico profut.xlsm]Consiglio_Week'!$R:$R"), 0, COLUMNS($A:L)-1 ) ), "" )} | AX44: {=IFERROR( _xlfn.XLOOKUP( $B44, INDIRECT("'[storico profut.xlsm]Consiglio_Week'!B:B"), OFFSET( INDIRECT("'[storico profut.xlsm]Consiglio_Week'!$R:$R"), 0, COLUMNS($A:M)-1 ) ), "" )} | AY44: blocco tuno 9:00 -13 lun /ven : sabato e domenica LIBERO
A45: cf74 | B45: Fradella Piermarco | C45: 20 | D45: 2 | E45: 0.375 | F45: 0.54166667 | Q45: 4-4-4-4-4 | R45: 0 | S45: ps | AH45: {=+IFERROR(_xlfn.XLOOKUP($B45,INDIRECT("'[storico profut.xlsm]Consiglio_Week'!$B:$B"),INDIRECT("'[storico profut.xlsm]Consiglio_Week'!$I:$I")),"")} | AI45: {=+IFERROR(_xlfn.XLOOKUP($B45,INDIRECT("'[storico profut.xlsm]Consiglio_Week'!$B:$B"),INDIRECT("'[storico profut.xlsm]Consiglio_Week'!$L:$L")),"")} | AJ45: {=+IFERROR(_xlfn.XLOOKUP($B45,INDIRECT("'[storico profut.xlsm]Consiglio_Week'!$B:$B"),INDIRECT("'[storico profut.xlsm]Consiglio_Week'!$M:$M")),"")} | AK45: {=+IFERROR(_xlfn.XLOOKUP($B45,INDIRECT("'[storico profut.xlsm]Consiglio_Week'!$B:$B"),INDIRECT("'[storico profut.xlsm]Consiglio_Week'!$P:$P")),"")} | AL45: {=IFERROR( _xlfn.XLOOKUP( $B45, INDIRECT("'[storico profut.xlsm]Consiglio_Week'!B:B"), OFFSET( INDIRECT("'[storico profut.xlsm]Consiglio_Week'!$R:$R"), 0, COLUMNS($A:A)-1 ) ), "" )} | AM45: {=IFERROR( _xlfn.XLOOKUP( $B45, INDIRECT("'[storico profut.xlsm]Consiglio_Week'!B:B"), OFFSET( INDIRECT("'[storico profut.xlsm]Consiglio_Week'!$R:$R"), 0, COLUMNS($A:B)-1 ) ), "" )} | AN45: {=IFERROR( _xlfn.XLOOKUP( $B45, INDIRECT("'[storico profut.xlsm]Consiglio_Week'!B:B"), OFFSET( INDIRECT("'[storico profut.xlsm]Consiglio_Week'!$R:$R"), 0, COLUMNS($A:C)-1 ) ), "" )} | AO45: {=IFERROR( _xlfn.XLOOKUP( $B45, INDIRECT("'[storico profut.xlsm]Consiglio_Week'!B:B"), OFFSET( INDIRECT("'[storico profut.xlsm]Consiglio_Week'!$R:$R"), 0, COLUMNS($A:D)-1 ) ), "" )} | AP45: {=IFERROR( _xlfn.XLOOKUP( $B45, INDIRECT("'[storico profut.xlsm]Consiglio_Week'!B:B"), OFFSET( INDIRECT("'[storico profut.xlsm]Consiglio_Week'!$R:$R"), 0, COLUMNS($A:E)-1 ) ), "" )} | AQ45: {=IFERROR( _xlfn.XLOOKUP( $B45, INDIRECT("'[storico profut.xlsm]Consiglio_Week'!B:B"), OFFSET( INDIRECT("'[storico profut.xlsm]Consiglio_Week'!$R:$R"), 0, COLUMNS($A:F)-1 ) ), "" )} | AR45: {=IFERROR( _xlfn.XLOOKUP( $B45, INDIRECT("'[storico profut.xlsm]Consiglio_Week'!B:B"), OFFSET( INDIRECT("'[storico profut.xlsm]Consiglio_Week'!$R:$R"), 0, COLUMNS($A:G)-1 ) ), "" )} | AS45: {=IFERROR( _xlfn.XLOOKUP( $B45, INDIRECT("'[storico profut.xlsm]Consiglio_Week'!B:B"), OFFSET( INDIRECT("'[storico profut.xlsm]Consiglio_Week'!$R:$R"), 0, COLUMNS($A:H)-1 ) ), "" )} | AT45: {=IFERROR( _xlfn.XLOOKUP( $B45, INDIRECT("'[storico profut.xlsm]Consiglio_Week'!B:B"), OFFSET( INDIRECT("'[storico profut.xlsm]Consiglio_Week'!$R:$R"), 0, COLUMNS($A:I)-1 ) ), "" )} | AU45: {=IFERROR( _xlfn.XLOOKUP( $B45, INDIRECT("'[storico profut.xlsm]Consiglio_Week'!B:B"), OFFSET( INDIRECT("'[storico profut.xlsm]Consiglio_Week'!$R:$R"), 0, COLUMNS($A:J)-1 ) ), "" )} | AV45: {=IFERROR( _xlfn.XLOOKUP( $B45, INDIRECT("'[storico profut.xlsm]Consiglio_Week'!B:B"), OFFSET( INDIRECT("'[storico profut.xlsm]Consiglio_Week'!$R:$R"), 0, COLUMNS($A:K)-1 ) ), "" )} | AW45: {=IFERROR( _xlfn.XLOOKUP( $B45, INDIRECT("'[storico profut.xlsm]Consiglio_Week'!B:B"), OFFSET( INDIRECT("'[storico profut.xlsm]Consiglio_Week'!$R:$R"), 0, COLUMNS($A:L)-1 ) ), "" )} | AX45: {=IFERROR( _xlfn.XLOOKUP( $B45, INDIRECT("'[storico profut.xlsm]Consiglio_Week'!B:B"), OFFSET( INDIRECT("'[storico profut.xlsm]Consiglio_Week'!$R:$R"), 0, COLUMNS($A:M)-1 ) ), "" )} | AY45: blocco turno fascia 9-15
A46: cf75 | B46: Lo Nardo Antonino | C46: 20 | D46: 2 | E46: 0.375 | F46: 0.54166667 | H46: Riposo | Q46: 4-4-4-4-4 | R46: 0 | S46: ps | X46: Riposo | Y46: Riposo | AH46: {=+IFERROR(_xlfn.XLOOKUP($B46,INDIRECT("'[storico profut.xlsm]Consiglio_Week'!$B:$B"),INDIRECT("'[storico profut.xlsm]Consiglio_Week'!$I:$I")),"")} | AI46: {=+IFERROR(_xlfn.XLOOKUP($B46,INDIRECT("'[storico profut.xlsm]Consiglio_Week'!$B:$B"),INDIRECT("'[storico profut.xlsm]Consiglio_Week'!$L:$L")),"")} | AJ46: {=+IFERROR(_xlfn.XLOOKUP($B46,INDIRECT("'[storico profut.xlsm]Consiglio_Week'!$B:$B"),INDIRECT("'[storico profut.xlsm]Consiglio_Week'!$M:$M")),"")} | AK46: {=+IFERROR(_xlfn.XLOOKUP($B46,INDIRECT("'[storico profut.xlsm]Consiglio_Week'!$B:$B"),INDIRECT("'[storico profut.xlsm]Consiglio_Week'!$P:$P")),"")} | AL46: {=IFERROR( _xlfn.XLOOKUP( $B46, INDIRECT("'[storico profut.xlsm]Consiglio_Week'!B:B"), OFFSET( INDIRECT("'[storico profut.xlsm]Consiglio_Week'!$R:$R"), 0, COLUMNS($A:A)-1 ) ), "" )} | AM46: {=IFERROR( _xlfn.XLOOKUP( $B46, INDIRECT("'[storico profut.xlsm]Consiglio_Week'!B:B"), OFFSET( INDIRECT("'[storico profut.xlsm]Consiglio_Week'!$R:$R"), 0, COLUMNS($A:B)-1 ) ), "" )} | AN46: {=IFERROR( _xlfn.XLOOKUP( $B46, INDIRECT("'[storico profut.xlsm]Consiglio_Week'!B:B"), OFFSET( INDIRECT("'[storico profut.xlsm]Consiglio_Week'!$R:$R"), 0, COLUMNS($A:C)-1 ) ), "" )} | AO46: {=IFERROR( _xlfn.XLOOKUP( $B46, INDIRECT("'[storico profut.xlsm]Consiglio_Week'!B:B"), OFFSET( INDIRECT("'[storico profut.xlsm]Consiglio_Week'!$R:$R"), 0, COLUMNS($A:D)-1 ) ), "" )} | AP46: {=IFERROR( _xlfn.XLOOKUP( $B46, INDIRECT("'[storico profut.xlsm]Consiglio_Week'!B:B"), OFFSET( INDIRECT("'[storico profut.xlsm]Consiglio_Week'!$R:$R"), 0, COLUMNS($A:E)-1 ) ), "" )} | AQ46: {=IFERROR( _xlfn.XLOOKUP( $B46, INDIRECT("'[storico profut.xlsm]Consiglio_Week'!B:B"), OFFSET( INDIRECT("'[storico profut.xlsm]Consiglio_Week'!$R:$R"), 0, COLUMNS($A:F)-1 ) ), "" )} | AR46: {=IFERROR( _xlfn.XLOOKUP( $B46, INDIRECT("'[storico profut.xlsm]Consiglio_Week'!B:B"), OFFSET( INDIRECT("'[storico profut.xlsm]Consiglio_Week'!$R:$R"), 0, COLUMNS($A:G)-1 ) ), "" )} | AS46: {=IFERROR( _xlfn.XLOOKUP( $B46, INDIRECT("'[storico profut.xlsm]Consiglio_Week'!B:B"), OFFSET( INDIRECT("'[storico profut.xlsm]Consiglio_Week'!$R:$R"), 0, COLUMNS($A:H)-1 ) ), "" )} | AT46: {=IFERROR( _xlfn.XLOOKUP( $B46, INDIRECT("'[storico profut.xlsm]Consiglio_Week'!B:B"), OFFSET( INDIRECT("'[storico profut.xlsm]Consiglio_Week'!$R:$R"), 0, COLUMNS($A:I)-1 ) ), "" )} | AU46: {=IFERROR( _xlfn.XLOOKUP( $B46, INDIRECT("'[storico profut.xlsm]Consiglio_Week'!B:B"), OFFSET( INDIRECT("'[storico profut.xlsm]Consiglio_Week'!$R:$R"), 0, COLUMNS($A:J)-1 ) ), "" )} | AV46: {=IFERROR( _xlfn.XLOOKUP( $B46, INDIRECT("'[storico profut.xlsm]Consiglio_Week'!B:B"), OFFSET( INDIRECT("'[storico profut.xlsm]Consiglio_Week'!$R:$R"), 0, COLUMNS($A:K)-1 ) ), "" )} | AW46: {=IFERROR( _xlfn.XLOOKUP( $B46, INDIRECT("'[storico profut.xlsm]Consiglio_Week'!B:B"), OFFSET( INDIRECT("'[storico profut.xlsm]Consiglio_Week'!$R:$R"), 0, COLUMNS($A:L)-1 ) ), "" )} | AX46: {=IFERROR( _xlfn.XLOOKUP( $B46, INDIRECT("'[storico profut.xlsm]Consiglio_Week'!B:B"), OFFSET( INDIRECT("'[storico profut.xlsm]Consiglio_Week'!$R:$R"), 0, COLUMNS($A:M)-1 ) ), "" )} | AY46: blocco tuno 9:00 -13 lun /ven : sabato e domenica qualsiasi turno
A47: cf76 | B47: Mazzara Antonia | C47: 20 | D47: 2 | E47: 0.375 | F47: 0.54166667 | Q47: 4-4-4-4-4 | R47: 0 | S47: ps | AH47: {=+IFERROR(_xlfn.XLOOKUP($B47,INDIRECT("'[storico profut.xlsm]Consiglio_Week'!$B:$B"),INDIRECT("'[storico profut.xlsm]Consiglio_Week'!$I:$I")),"")} | AI47: {=+IFERROR(_xlfn.XLOOKUP($B47,INDIRECT("'[storico profut.xlsm]Consiglio_Week'!$B:$B"),INDIRECT("'[storico profut.xlsm]Consiglio_Week'!$L:$L")),"")} | AJ47: {=+IFERROR(_xlfn.XLOOKUP($B47,INDIRECT("'[storico profut.xlsm]Consiglio_Week'!$B:$B"),INDIRECT("'[storico profut.xlsm]Consiglio_Week'!$M:$M")),"")} | AK47: {=+IFERROR(_xlfn.XLOOKUP($B47,INDIRECT("'[storico profut.xlsm]Consiglio_Week'!$B:$B"),INDIRECT("'[storico profut.xlsm]Consiglio_Week'!$P:$P")),"")} | AL47: {=IFERROR( _xlfn.XLOOKUP( $B47, INDIRECT("'[storico profut.xlsm]Consiglio_Week'!B:B"), OFFSET( INDIRECT("'[storico profut.xlsm]Consiglio_Week'!$R:$R"), 0, COLUMNS($A:A)-1 ) ), "" )} | AM47: {=IFERROR( _xlfn.XLOOKUP( $B47, INDIRECT("'[storico profut.xlsm]Consiglio_Week'!B:B"), OFFSET( INDIRECT("'[storico profut.xlsm]Consiglio_Week'!$R:$R"), 0, COLUMNS($A:B)-1 ) ), "" )} | AN47: {=IFERROR( _xlfn.XLOOKUP( $B47, INDIRECT("'[storico profut.xlsm]Consiglio_Week'!B:B"), OFFSET( INDIRECT("'[storico profut.xlsm]Consiglio_Week'!$R:$R"), 0, COLUMNS($A:C)-1 ) ), "" )} | AO47: {=IFERROR( _xlfn.XLOOKUP( $B47, INDIRECT("'[storico profut.xlsm]Consiglio_Week'!B:B"), OFFSET( INDIRECT("'[storico profut.xlsm]Consiglio_Week'!$R:$R"), 0, COLUMNS($A:D)-1 ) ), "" )} | AP47: {=IFERROR( _xlfn.XLOOKUP( $B47, INDIRECT("'[storico profut.xlsm]Consiglio_Week'!B:B"), OFFSET( INDIRECT("'[storico profut.xlsm]Consiglio_Week'!$R:$R"), 0, COLUMNS($A:E)-1 ) ), "" )} | AQ47: {=IFERROR( _xlfn.XLOOKUP( $B47, INDIRECT("'[storico profut.xlsm]Consiglio_Week'!B:B"), OFFSET( INDIRECT("'[storico profut.xlsm]Consiglio_Week'!$R:$R"), 0, COLUMNS($A:F)-1 ) ), "" )} | AR47: {=IFERROR( _xlfn.XLOOKUP( $B47, INDIRECT("'[storico profut.xlsm]Consiglio_Week'!B:B"), OFFSET( INDIRECT("'[storico profut.xlsm]Consiglio_Week'!$R:$R"), 0, COLUMNS($A:G)-1 ) ), "" )} | AS47: {=IFERROR( _xlfn.XLOOKUP( $B47, INDIRECT("'[storico profut.xlsm]Consiglio_Week'!B:B"), OFFSET( INDIRECT("'[storico profut.xlsm]Consiglio_Week'!$R:$R"), 0, COLUMNS($A:H)-1 ) ), "" )} | AT47: {=IFERROR( _xlfn.XLOOKUP( $B47, INDIRECT("'[storico profut.xlsm]Consiglio_Week'!B:B"), OFFSET( INDIRECT("'[storico profut.xlsm]Consiglio_Week'!$R:$R"), 0, COLUMNS($A:I)-1 ) ), "" )} | AU47: {=IFERROR( _xlfn.XLOOKUP( $B47, INDIRECT("'[storico profut.xlsm]Consiglio_Week'!B:B"), OFFSET( INDIRECT("'[storico profut.xlsm]Consiglio_Week'!$R:$R"), 0, COLUMNS($A:J)-1 ) ), "" )} | AV47: {=IFERROR( _xlfn.XLOOKUP( $B47, INDIRECT("'[storico profut.xlsm]Consiglio_Week'!B:B"), OFFSET( INDIRECT("'[storico profut.xlsm]Consiglio_Week'!$R:$R"), 0, COLUMNS($A:K)-1 ) ), "" )} | AW47: {=IFERROR( _xlfn.XLOOKUP( $B47, INDIRECT("'[storico profut.xlsm]Consiglio_Week'!B:B"), OFFSET( INDIRECT("'[storico profut.xlsm]Consiglio_Week'!$R:$R"), 0, COLUMNS($A:L)-1 ) ), "" )} | AX47: {=IFERROR( _xlfn.XLOOKUP( $B47, INDIRECT("'[storico profut.xlsm]Consiglio_Week'!B:B"), OFFSET( INDIRECT("'[storico profut.xlsm]Consiglio_Week'!$R:$R"), 0, COLUMNS($A:M)-1 ) ), "" )} | AY47: blocco tuno 9:00 -13 lun /ven : sabato e domenica qualsiasi turno
A48: cf77 | B48: Amato Stefania | C48: 21 | D48: 2 | E48: 0.625 | F48: 0.875 | Q48: 5-4-4-4-4 | R48: 2 | S48: ps | AH48: {=+IFERROR(_xlfn.XLOOKUP($B48,INDIRECT("'[storico profut.xlsm]Consiglio_Week'!$B:$B"),INDIRECT("'[storico profut.xlsm]Consiglio_Week'!$I:$I")),"")} | AI48: {=+IFERROR(_xlfn.XLOOKUP($B48,INDIRECT("'[storico profut.xlsm]Consiglio_Week'!$B:$B"),INDIRECT("'[storico profut.xlsm]Consiglio_Week'!$L:$L")),"")} | AJ48: {=+IFERROR(_xlfn.XLOOKUP($B48,INDIRECT("'[storico profut.xlsm]Consiglio_Week'!$B:$B"),INDIRECT("'[storico profut.xlsm]Consiglio_Week'!$M:$M")),"")} | AK48: {=+IFERROR(_xlfn.XLOOKUP($B48,INDIRECT("'[storico profut.xlsm]Consiglio_Week'!$B:$B"),INDIRECT("'[storico profut.xlsm]Consiglio_Week'!$P:$P")),"")} | AL48: {=IFERROR( _xlfn.XLOOKUP( $B48, INDIRECT("'[storico profut.xlsm]Consiglio_Week'!B:B"), OFFSET( INDIRECT("'[storico profut.xlsm]Consiglio_Week'!$R:$R"), 0, COLUMNS($A:A)-1 ) ), "" )} | AM48: {=IFERROR( _xlfn.XLOOKUP( $B48, INDIRECT("'[storico profut.xlsm]Consiglio_Week'!B:B"), OFFSET( INDIRECT("'[storico profut.xlsm]Consiglio_Week'!$R:$R"), 0, COLUMNS($A:B)-1 ) ), "" )} | AN48: {=IFERROR( _xlfn.XLOOKUP( $B48, INDIRECT("'[storico profut.xlsm]Consiglio_Week'!B:B"), OFFSET( INDIRECT("'[storico profut.xlsm]Consiglio_Week'!$R:$R"), 0, COLUMNS($A:C)-1 ) ), "" )} | AO48: {=IFERROR( _xlfn.XLOOKUP( $B48, INDIRECT("'[storico profut.xlsm]Consiglio_Week'!B:B"), OFFSET( INDIRECT("'[storico profut.xlsm]Consiglio_Week'!$R:$R"), 0, COLUMNS($A:D)-1 ) ), "" )} | AP48: {=IFERROR( _xlfn.XLOOKUP( $B48, INDIRECT("'[storico profut.xlsm]Consiglio_Week'!B:B"), OFFSET( INDIRECT("'[storico profut.xlsm]Consiglio_Week'!$R:$R"), 0, COLUMNS($A:E)-1 ) ), "" )} | AQ48: {=IFERROR( _xlfn.XLOOKUP( $B48, INDIRECT("'[storico profut.xlsm]Consiglio_Week'!B:B"), OFFSET( INDIRECT("'[storico profut.xlsm]Consiglio_Week'!$R:$R"), 0, COLUMNS($A:F)-1 ) ), "" )} | AR48: {=IFERROR( _xlfn.XLOOKUP( $B48, INDIRECT("'[storico profut.xlsm]Consiglio_Week'!B:B"), OFFSET( INDIRECT("'[storico profut.xlsm]Consiglio_Week'!$R:$R"), 0, COLUMNS($A:G)-1 ) ), "" )} | AS48: {=IFERROR( _xlfn.XLOOKUP( $B48, INDIRECT("'[storico profut.xlsm]Consiglio_Week'!B:B"), OFFSET( INDIRECT("'[storico profut.xlsm]Consiglio_Week'!$R:$R"), 0, COLUMNS($A:H)-1 ) ), "" )} | AT48: {=IFERROR( _xlfn.XLOOKUP( $B48, INDIRECT("'[storico profut.xlsm]Consiglio_Week'!B:B"), OFFSET( INDIRECT("'[storico profut.xlsm]Consiglio_Week'!$R:$R"), 0, COLUMNS($A:I)-1 ) ), "" )} | AU48: {=IFERROR( _xlfn.XLOOKUP( $B48, INDIRECT("'[storico profut.xlsm]Consiglio_Week'!B:B"), OFFSET( INDIRECT("'[storico profut.xlsm]Consiglio_Week'!$R:$R"), 0, COLUMNS($A:J)-1 ) ), "" )} | AV48: {=IFERROR( _xlfn.XLOOKUP( $B48, INDIRECT("'[storico profut.xlsm]Consiglio_Week'!B:B"), OFFSET( INDIRECT("'[storico profut.xlsm]Consiglio_Week'!$R:$R"), 0, COLUMNS($A:K)-1 ) ), "" )} | AW48: {=IFERROR( _xlfn.XLOOKUP( $B48, INDIRECT("'[storico profut.xlsm]Consiglio_Week'!B:B"), OFFSET( INDIRECT("'[storico profut.xlsm]Consiglio_Week'!$R:$R"), 0, COLUMNS($A:L)-1 ) ), "" )} | AX48: {=IFERROR( _xlfn.XLOOKUP( $B48, INDIRECT("'[storico profut.xlsm]Consiglio_Week'!B:B"), OFFSET( INDIRECT("'[storico profut.xlsm]Consiglio_Week'!$R:$R"), 0, COLUMNS($A:M)-1 ) ), "" )} | AY48: 1 gg a 5 ore
A49: cf78 | B49: Brusca Loredana | C49: 20 | D49: 2 | E49: 0.375 | F49: 0.625 | Q49: 4-4-4-4-4 | R49: 2 | S49: ps | AH49: {=+IFERROR(_xlfn.XLOOKUP($B49,INDIRECT("'[storico profut.xlsm]Consiglio_Week'!$B:$B"),INDIRECT("'[storico profut.xlsm]Consiglio_Week'!$I:$I")),"")} | AI49: {=+IFERROR(_xlfn.XLOOKUP($B49,INDIRECT("'[storico profut.xlsm]Consiglio_Week'!$B:$B"),INDIRECT("'[storico profut.xlsm]Consiglio_Week'!$L:$L")),"")} | AJ49: {=+IFERROR(_xlfn.XLOOKUP($B49,INDIRECT("'[storico profut.xlsm]Consiglio_Week'!$B:$B"),INDIRECT("'[storico profut.xlsm]Consiglio_Week'!$M:$M")),"")} | AK49: {=+IFERROR(_xlfn.XLOOKUP($B49,INDIRECT("'[storico profut.xlsm]Consiglio_Week'!$B:$B"),INDIRECT("'[storico profut.xlsm]Consiglio_Week'!$P:$P")),"")} | AL49: {=IFERROR( _xlfn.XLOOKUP( $B49, INDIRECT("'[storico profut.xlsm]Consiglio_Week'!B:B"), OFFSET( INDIRECT("'[storico profut.xlsm]Consiglio_Week'!$R:$R"), 0, COLUMNS($A:A)-1 ) ), "" )} | AM49: {=IFERROR( _xlfn.XLOOKUP( $B49, INDIRECT("'[storico profut.xlsm]Consiglio_Week'!B:B"), OFFSET( INDIRECT("'[storico profut.xlsm]Consiglio_Week'!$R:$R"), 0, COLUMNS($A:B)-1 ) ), "" )} | AN49: {=IFERROR( _xlfn.XLOOKUP( $B49, INDIRECT("'[storico profut.xlsm]Consiglio_Week'!B:B"), OFFSET( INDIRECT("'[storico profut.xlsm]Consiglio_Week'!$R:$R"), 0, COLUMNS($A:C)-1 ) ), "" )} | AO49: {=IFERROR( _xlfn.XLOOKUP( $B49, INDIRECT("'[storico profut.xlsm]Consiglio_Week'!B:B"), OFFSET( INDIRECT("'[storico profut.xlsm]Consiglio_Week'!$R:$R"), 0, COLUMNS($A:D)-1 ) ), "" )} | AP49: {=IFERROR( _xlfn.XLOOKUP( $B49, INDIRECT("'[storico profut.xlsm]Consiglio_Week'!B:B"), OFFSET( INDIRECT("'[storico profut.xlsm]Consiglio_Week'!$R:$R"), 0, COLUMNS($A:E)-1 ) ), "" )} | AQ49: {=IFERROR( _xlfn.XLOOKUP( $B49, INDIRECT("'[storico profut.xlsm]Consiglio_Week'!B:B"), OFFSET( INDIRECT("'[storico profut.xlsm]Consiglio_Week'!$R:$R"), 0, COLUMNS($A:F)-1 ) ), "" )} | AR49: {=IFERROR( _xlfn.XLOOKUP( $B49, INDIRECT("'[storico profut.xlsm]Consiglio_Week'!B:B"), OFFSET( INDIRECT("'[storico profut.xlsm]Consiglio_Week'!$R:$R"), 0, COLUMNS($A:G)-1 ) ), "" )} | AS49: {=IFERROR( _xlfn.XLOOKUP( $B49, INDIRECT("'[storico profut.xlsm]Consiglio_Week'!B:B"), OFFSET( INDIRECT("'[storico profut.xlsm]Consiglio_Week'!$R:$R"), 0, COLUMNS($A:H)-1 ) ), "" )} | AT49: {=IFERROR( _xlfn.XLOOKUP( $B49, INDIRECT("'[storico profut.xlsm]Consiglio_Week'!B:B"), OFFSET( INDIRECT("'[storico profut.xlsm]Consiglio_Week'!$R:$R"), 0, COLUMNS($A:I)-1 ) ), "" )} | AU49: {=IFERROR( _xlfn.XLOOKUP( $B49, INDIRECT("'[storico profut.xlsm]Consiglio_Week'!B:B"), OFFSET( INDIRECT("'[storico profut.xlsm]Consiglio_Week'!$R:$R"), 0, COLUMNS($A:J)-1 ) ), "" )} | AV49: {=IFERROR( _xlfn.XLOOKUP( $B49, INDIRECT("'[storico profut.xlsm]Consiglio_Week'!B:B"), OFFSET( INDIRECT("'[storico profut.xlsm]Consiglio_Week'!$R:$R"), 0, COLUMNS($A:K)-1 ) ), "" )} | AW49: {=IFERROR( _xlfn.XLOOKUP( $B49, INDIRECT("'[storico profut.xlsm]Consiglio_Week'!B:B"), OFFSET( INDIRECT("'[storico profut.xlsm]Consiglio_Week'!$R:$R"), 0, COLUMNS($A:L)-1 ) ), "" )} | AX49: {=IFERROR( _xlfn.XLOOKUP( $B49, INDIRECT("'[storico profut.xlsm]Consiglio_Week'!B:B"), OFFSET( INDIRECT("'[storico profut.xlsm]Consiglio_Week'!$R:$R"), 0, COLUMNS($A:M)-1 ) ), "" )} | AY49: 0
A50: cf79 | B50: Burgio Maria | C50: 20 | D50: 2 | E50: 0.625 | F50: 0.875 | Q50: 4-4-4-4-4 | R50: 2 | S50: ps | AH50: {=+IFERROR(_xlfn.XLOOKUP($B50,INDIRECT("'[storico profut.xlsm]Consiglio_Week'!$B:$B"),INDIRECT("'[storico profut.xlsm]Consiglio_Week'!$I:$I")),"")} | AI50: {=+IFERROR(_xlfn.XLOOKUP($B50,INDIRECT("'[storico profut.xlsm]Consiglio_Week'!$B:$B"),INDIRECT("'[storico profut.xlsm]Consiglio_Week'!$L:$L")),"")} | AJ50: {=+IFERROR(_xlfn.XLOOKUP($B50,INDIRECT("'[storico profut.xlsm]Consiglio_Week'!$B:$B"),INDIRECT("'[storico profut.xlsm]Consiglio_Week'!$M:$M")),"")} | AK50: {=+IFERROR(_xlfn.XLOOKUP($B50,INDIRECT("'[storico profut.xlsm]Consiglio_Week'!$B:$B"),INDIRECT("'[storico profut.xlsm]Consiglio_Week'!$P:$P")),"")} | AL50: {=IFERROR( _xlfn.XLOOKUP( $B50, INDIRECT("'[storico profut.xlsm]Consiglio_Week'!B:B"), OFFSET( INDIRECT("'[storico profut.xlsm]Consiglio_Week'!$R:$R"), 0, COLUMNS($A:A)-1 ) ), "" )} | AM50: {=IFERROR( _xlfn.XLOOKUP( $B50, INDIRECT("'[storico profut.xlsm]Consiglio_Week'!B:B"), OFFSET( INDIRECT("'[storico profut.xlsm]Consiglio_Week'!$R:$R"), 0, COLUMNS($A:B)-1 ) ), "" )} | AN50: {=IFERROR( _xlfn.XLOOKUP( $B50, INDIRECT("'[storico profut.xlsm]Consiglio_Week'!B:B"), OFFSET( INDIRECT("'[storico profut.xlsm]Consiglio_Week'!$R:$R"), 0, COLUMNS($A:C)-1 ) ), "" )} | AO50: {=IFERROR( _xlfn.XLOOKUP( $B50, INDIRECT("'[storico profut.xlsm]Consiglio_Week'!B:B"), OFFSET( INDIRECT("'[storico profut.xlsm]Consiglio_Week'!$R:$R"), 0, COLUMNS($A:D)-1 ) ), "" )} | AP50: {=IFERROR( _xlfn.XLOOKUP( $B50, INDIRECT("'[storico profut.xlsm]Consiglio_Week'!B:B"), OFFSET( INDIRECT("'[storico profut.xlsm]Consiglio_Week'!$R:$R"), 0, COLUMNS($A:E)-1 ) ), "" )} | AQ50: {=IFERROR( _xlfn.XLOOKUP( $B50, INDIRECT("'[storico profut.xlsm]Consiglio_Week'!B:B"), OFFSET( INDIRECT("'[storico profut.xlsm]Consiglio_Week'!$R:$R"), 0, COLUMNS($A:F)-1 ) ), "" )} | AR50: {=IFERROR( _xlfn.XLOOKUP( $B50, INDIRECT("'[storico profut.xlsm]Consiglio_Week'!B:B"), OFFSET( INDIRECT("'[storico profut.xlsm]Consiglio_Week'!$R:$R"), 0, COLUMNS($A:G)-1 ) ), "" )} | AS50: {=IFERROR( _xlfn.XLOOKUP( $B50, INDIRECT("'[storico profut.xlsm]Consiglio_Week'!B:B"), OFFSET( INDIRECT("'[storico profut.xlsm]Consiglio_Week'!$R:$R"), 0, COLUMNS($A:H)-1 ) ), "" )} | AT50: {=IFERROR( _xlfn.XLOOKUP( $B50, INDIRECT("'[storico profut.xlsm]Consiglio_Week'!B:B"), OFFSET( INDIRECT("'[storico profut.xlsm]Consiglio_Week'!$R:$R"), 0, COLUMNS($A:I)-1 ) ), "" )} | AU50: {=IFERROR( _xlfn.XLOOKUP( $B50, INDIRECT("'[storico profut.xlsm]Consiglio_Week'!B:B"), OFFSET( INDIRECT("'[storico profut.xlsm]Consiglio_Week'!$R:$R"), 0, COLUMNS($A:J)-1 ) ), "" )} | AV50: {=IFERROR( _xlfn.XLOOKUP( $B50, INDIRECT("'[storico profut.xlsm]Consiglio_Week'!B:B"), OFFSET( INDIRECT("'[storico profut.xlsm]Consiglio_Week'!$R:$R"), 0, COLUMNS($A:K)-1 ) ), "" )} | AW50: {=IFERROR( _xlfn.XLOOKUP( $B50, INDIRECT("'[storico profut.xlsm]Consiglio_Week'!B:B"), OFFSET( INDIRECT("'[storico profut.xlsm]Consiglio_Week'!$R:$R"), 0, COLUMNS($A:L)-1 ) ), "" )} | AX50: {=IFERROR( _xlfn.XLOOKUP( $B50, INDIRECT("'[storico profut.xlsm]Consiglio_Week'!B:B"), OFFSET( INDIRECT("'[storico profut.xlsm]Consiglio_Week'!$R:$R"), 0, COLUMNS($A:M)-1 ) ), "" )} | AY50: 0
A51: cf80 | B51: Candia Loredana | C51: 20 | D51: 2 | E51: 0.375 | F51: 0.625 | Q51: 4-4-4-4-4 | R51: 2 | S51: ps | AH51: {=+IFERROR(_xlfn.XLOOKUP($B51,INDIRECT("'[storico profut.xlsm]Consiglio_Week'!$B:$B"),INDIRECT("'[storico profut.xlsm]Consiglio_Week'!$I:$I")),"")} | AI51: {=+IFERROR(_xlfn.XLOOKUP($B51,INDIRECT("'[storico profut.xlsm]Consiglio_Week'!$B:$B"),INDIRECT("'[storico profut.xlsm]Consiglio_Week'!$L:$L")),"")} | AJ51: {=+IFERROR(_xlfn.XLOOKUP($B51,INDIRECT("'[storico profut.xlsm]Consiglio_Week'!$B:$B"),INDIRECT("'[storico profut.xlsm]Consiglio_Week'!$M:$M")),"")} | AK51: {=+IFERROR(_xlfn.XLOOKUP($B51,INDIRECT("'[storico profut.xlsm]Consiglio_Week'!$B:$B"),INDIRECT("'[storico profut.xlsm]Consiglio_Week'!$P:$P")),"")} | AL51: {=IFERROR( _xlfn.XLOOKUP( $B51, INDIRECT("'[storico profut.xlsm]Consiglio_Week'!B:B"), OFFSET( INDIRECT("'[storico profut.xlsm]Consiglio_Week'!$R:$R"), 0, COLUMNS($A:A)-1 ) ), "" )} | AM51: {=IFERROR( _xlfn.XLOOKUP( $B51, INDIRECT("'[storico profut.xlsm]Consiglio_Week'!B:B"), OFFSET( INDIRECT("'[storico profut.xlsm]Consiglio_Week'!$R:$R"), 0, COLUMNS($A:B)-1 ) ), "" )} | AN51: {=IFERROR( _xlfn.XLOOKUP( $B51, INDIRECT("'[storico profut.xlsm]Consiglio_Week'!B:B"), OFFSET( INDIRECT("'[storico profut.xlsm]Consiglio_Week'!$R:$R"), 0, COLUMNS($A:C)-1 ) ), "" )} | AO51: {=IFERROR( _xlfn.XLOOKUP( $B51, INDIRECT("'[storico profut.xlsm]Consiglio_Week'!B:B"), OFFSET( INDIRECT("'[storico profut.xlsm]Consiglio_Week'!$R:$R"), 0, COLUMNS($A:D)-1 ) ), "" )} | AP51: {=IFERROR( _xlfn.XLOOKUP( $B51, INDIRECT("'[storico profut.xlsm]Consiglio_Week'!B:B"), OFFSET( INDIRECT("'[storico profut.xlsm]Consiglio_Week'!$R:$R"), 0, COLUMNS($A:E)-1 ) ), "" )} | AQ51: {=IFERROR( _xlfn.XLOOKUP( $B51, INDIRECT("'[storico profut.xlsm]Consiglio_Week'!B:B"), OFFSET( INDIRECT("'[storico profut.xlsm]Consiglio_Week'!$R:$R"), 0, COLUMNS($A:F)-1 ) ), "" )} | AR51: {=IFERROR( _xlfn.XLOOKUP( $B51, INDIRECT("'[storico profut.xlsm]Consiglio_Week'!B:B"), OFFSET( INDIRECT("'[storico profut.xlsm]Consiglio_Week'!$R:$R"), 0, COLUMNS($A:G)-1 ) ), "" )} | AS51: {=IFERROR( _xlfn.XLOOKUP( $B51, INDIRECT("'[storico profut.xlsm]Consiglio_Week'!B:B"), OFFSET( INDIRECT("'[storico profut.xlsm]Consiglio_Week'!$R:$R"), 0, COLUMNS($A:H)-1 ) ), "" )} | AT51: {=IFERROR( _xlfn.XLOOKUP( $B51, INDIRECT("'[storico profut.xlsm]Consiglio_Week'!B:B"), OFFSET( INDIRECT("'[storico profut.xlsm]Consiglio_Week'!$R:$R"), 0, COLUMNS($A:I)-1 ) ), "" )} | AU51: {=IFERROR( _xlfn.XLOOKUP( $B51, INDIRECT("'[storico profut.xlsm]Consiglio_Week'!B:B"), OFFSET( INDIRECT("'[storico profut.xlsm]Consiglio_Week'!$R:$R"), 0, COLUMNS($A:J)-1 ) ), "" )} | AV51: {=IFERROR( _xlfn.XLOOKUP( $B51, INDIRECT("'[storico profut.xlsm]Consiglio_Week'!B:B"), OFFSET( INDIRECT("'[storico profut.xlsm]Consiglio_Week'!$R:$R"), 0, COLUMNS($A:K)-1 ) ), "" )} | AW51: {=IFERROR( _xlfn.XLOOKUP( $B51, INDIRECT("'[storico profut.xlsm]Consiglio_Week'!B:B"), OFFSET( INDIRECT("'[storico profut.xlsm]Consiglio_Week'!$R:$R"), 0, COLUMNS($A:L)-1 ) ), "" )} | AX51: {=IFERROR( _xlfn.XLOOKUP( $B51, INDIRECT("'[storico profut.xlsm]Consiglio_Week'!B:B"), OFFSET( INDIRECT("'[storico profut.xlsm]Consiglio_Week'!$R:$R"), 0, COLUMNS($A:M)-1 ) ), "" )} | AY51: 0
A52: cf81 | B52: Madonia Concetta | C52: 21 | D52: 2 | E52: 0.625 | F52: 0.875 | G52: Riposo | H52: Riposo | Q52: 5-4-4-4-4 | R52: 2 | S52: ps | AH52: {=+IFERROR(_xlfn.XLOOKUP($B52,INDIRECT("'[storico profut.xlsm]Consiglio_Week'!$B:$B"),INDIRECT("'[storico profut.xlsm]Consiglio_Week'!$I:$I")),"")} | AI52: {=+IFERROR(_xlfn.XLOOKUP($B52,INDIRECT("'[storico profut.xlsm]Consiglio_Week'!$B:$B"),INDIRECT("'[storico profut.xlsm]Consiglio_Week'!$L:$L")),"")} | AJ52: {=+IFERROR(_xlfn.XLOOKUP($B52,INDIRECT("'[storico profut.xlsm]Consiglio_Week'!$B:$B"),INDIRECT("'[storico profut.xlsm]Consiglio_Week'!$M:$M")),"")} | AK52: {=+IFERROR(_xlfn.XLOOKUP($B52,INDIRECT("'[storico profut.xlsm]Consiglio_Week'!$B:$B"),INDIRECT("'[storico profut.xlsm]Consiglio_Week'!$P:$P")),"")} | AL52: {=IFERROR( _xlfn.XLOOKUP( $B52, INDIRECT("'[storico profut.xlsm]Consiglio_Week'!B:B"), OFFSET( INDIRECT("'[storico profut.xlsm]Consiglio_Week'!$R:$R"), 0, COLUMNS($A:A)-1 ) ), "" )} | AM52: {=IFERROR( _xlfn.XLOOKUP( $B52, INDIRECT("'[storico profut.xlsm]Consiglio_Week'!B:B"), OFFSET( INDIRECT("'[storico profut.xlsm]Consiglio_Week'!$R:$R"), 0, COLUMNS($A:B)-1 ) ), "" )} | AN52: {=IFERROR( _xlfn.XLOOKUP( $B52, INDIRECT("'[storico profut.xlsm]Consiglio_Week'!B:B"), OFFSET( INDIRECT("'[storico profut.xlsm]Consiglio_Week'!$R:$R"), 0, COLUMNS($A:C)-1 ) ), "" )} | AO52: {=IFERROR( _xlfn.XLOOKUP( $B52, INDIRECT("'[storico profut.xlsm]Consiglio_Week'!B:B"), OFFSET( INDIRECT("'[storico profut.xlsm]Consiglio_Week'!$R:$R"), 0, COLUMNS($A:D)-1 ) ), "" )} | AP52: {=IFERROR( _xlfn.XLOOKUP( $B52, INDIRECT("'[storico profut.xlsm]Consiglio_Week'!B:B"), OFFSET( INDIRECT("'[storico profut.xlsm]Consiglio_Week'!$R:$R"), 0, COLUMNS($A:E)-1 ) ), "" )} | AQ52: {=IFERROR( _xlfn.XLOOKUP( $B52, INDIRECT("'[storico profut.xlsm]Consiglio_Week'!B:B"), OFFSET( INDIRECT("'[storico profut.xlsm]Consiglio_Week'!$R:$R"), 0, COLUMNS($A:F)-1 ) ), "" )} | AR52: {=IFERROR( _xlfn.XLOOKUP( $B52, INDIRECT("'[storico profut.xlsm]Consiglio_Week'!B:B"), OFFSET( INDIRECT("'[storico profut.xlsm]Consiglio_Week'!$R:$R"), 0, COLUMNS($A:G)-1 ) ), "" )} | AS52: {=IFERROR( _xlfn.XLOOKUP( $B52, INDIRECT("'[storico profut.xlsm]Consiglio_Week'!B:B"), OFFSET( INDIRECT("'[storico profut.xlsm]Consiglio_Week'!$R:$R"), 0, COLUMNS($A:H)-1 ) ), "" )} | AT52: {=IFERROR( _xlfn.XLOOKUP( $B52, INDIRECT("'[storico profut.xlsm]Consiglio_Week'!B:B"), OFFSET( INDIRECT("'[storico profut.xlsm]Consiglio_Week'!$R:$R"), 0, COLUMNS($A:I)-1 ) ), "" )} | AU52: {=IFERROR( _xlfn.XLOOKUP( $B52, INDIRECT("'[storico profut.xlsm]Consiglio_Week'!B:B"), OFFSET( INDIRECT("'[storico profut.xlsm]Consiglio_Week'!$R:$R"), 0, COLUMNS($A:J)-1 ) ), "" )} | AV52: {=IFERROR( _xlfn.XLOOKUP( $B52, INDIRECT("'[storico profut.xlsm]Consiglio_Week'!B:B"), OFFSET( INDIRECT("'[storico profut.xlsm]Consiglio_Week'!$R:$R"), 0, COLUMNS($A:K)-1 ) ), "" )} | AW52: {=IFERROR( _xlfn.XLOOKUP( $B52, INDIRECT("'[storico profut.xlsm]Consiglio_Week'!B:B"), OFFSET( INDIRECT("'[storico profut.xlsm]Consiglio_Week'!$R:$R"), 0, COLUMNS($A:L)-1 ) ), "" )} | AX52: {=IFERROR( _xlfn.XLOOKUP( $B52, INDIRECT("'[storico profut.xlsm]Consiglio_Week'!B:B"), OFFSET( INDIRECT("'[storico profut.xlsm]Consiglio_Week'!$R:$R"), 0, COLUMNS($A:M)-1 ) ), "" )} | AY52: we sempre libero + 1gg a 5 ore
A53: cf82 | B53: Cipriano Giovanna | C53: 20 | D53: 2 | E53: 0.375 | F53: 0.625 | Q53: 4-4-4-4-4 | R53: 2 | S53: ps | AH53: {=+IFERROR(_xlfn.XLOOKUP($B53,INDIRECT("'[storico profut.xlsm]Consiglio_Week'!$B:$B"),INDIRECT("'[storico profut.xlsm]Consiglio_Week'!$I:$I")),"")} | AI53: {=+IFERROR(_xlfn.XLOOKUP($B53,INDIRECT("'[storico profut.xlsm]Consiglio_Week'!$B:$B"),INDIRECT("'[storico profut.xlsm]Consiglio_Week'!$L:$L")),"")} | AJ53: {=+IFERROR(_xlfn.XLOOKUP($B53,INDIRECT("'[storico profut.xlsm]Consiglio_Week'!$B:$B"),INDIRECT("'[storico profut.xlsm]Consiglio_Week'!$M:$M")),"")} | AK53: {=+IFERROR(_xlfn.XLOOKUP($B53,INDIRECT("'[storico profut.xlsm]Consiglio_Week'!$B:$B"),INDIRECT("'[storico profut.xlsm]Consiglio_Week'!$P:$P")),"")} | AL53: {=IFERROR( _xlfn.XLOOKUP( $B53, INDIRECT("'[storico profut.xlsm]Consiglio_Week'!B:B"), OFFSET( INDIRECT("'[storico profut.xlsm]Consiglio_Week'!$R:$R"), 0, COLUMNS($A:A)-1 ) ), "" )} | AM53: {=IFERROR( _xlfn.XLOOKUP( $B53, INDIRECT("'[storico profut.xlsm]Consiglio_Week'!B:B"), OFFSET( INDIRECT("'[storico profut.xlsm]Consiglio_Week'!$R:$R"), 0, COLUMNS($A:B)-1 ) ), "" )} | AN53: {=IFERROR( _xlfn.XLOOKUP( $B53, INDIRECT("'[storico profut.xlsm]Consiglio_Week'!B:B"), OFFSET( INDIRECT("'[storico profut.xlsm]Consiglio_Week'!$R:$R"), 0, COLUMNS($A:C)-1 ) ), "" )} | AO53: {=IFERROR( _xlfn.XLOOKUP( $B53, INDIRECT("'[storico profut.xlsm]Consiglio_Week'!B:B"), OFFSET( INDIRECT("'[storico profut.xlsm]Consiglio_Week'!$R:$R"), 0, COLUMNS($A:D)-1 ) ), "" )} | AP53: {=IFERROR( _xlfn.XLOOKUP( $B53, INDIRECT("'[storico profut.xlsm]Consiglio_Week'!B:B"), OFFSET( INDIRECT("'[storico profut.xlsm]Consiglio_Week'!$R:$R"), 0, COLUMNS($A:E)-1 ) ), "" )} | AQ53: {=IFERROR( _xlfn.XLOOKUP( $B53, INDIRECT("'[storico profut.xlsm]Consiglio_Week'!B:B"), OFFSET( INDIRECT("'[storico profut.xlsm]Consiglio_Week'!$R:$R"), 0, COLUMNS($A:F)-1 ) ), "" )} | AR53: {=IFERROR( _xlfn.XLOOKUP( $B53, INDIRECT("'[storico profut.xlsm]Consiglio_Week'!B:B"), OFFSET( INDIRECT("'[storico profut.xlsm]Consiglio_Week'!$R:$R"), 0, COLUMNS($A:G)-1 ) ), "" )} | AS53: {=IFERROR( _xlfn.XLOOKUP( $B53, INDIRECT("'[storico profut.xlsm]Consiglio_Week'!B:B"), OFFSET( INDIRECT("'[storico profut.xlsm]Consiglio_Week'!$R:$R"), 0, COLUMNS($A:H)-1 ) ), "" )} | AT53: {=IFERROR( _xlfn.XLOOKUP( $B53, INDIRECT("'[storico profut.xlsm]Consiglio_Week'!B:B"), OFFSET( INDIRECT("'[storico profut.xlsm]Consiglio_Week'!$R:$R"), 0, COLUMNS($A:I)-1 ) ), "" )} | AU53: {=IFERROR( _xlfn.XLOOKUP( $B53, INDIRECT("'[storico profut.xlsm]Consiglio_Week'!B:B"), OFFSET( INDIRECT("'[storico profut.xlsm]Consiglio_Week'!$R:$R"), 0, COLUMNS($A:J)-1 ) ), "" )} | AV53: {=IFERROR( _xlfn.XLOOKUP( $B53, INDIRECT("'[storico profut.xlsm]Consiglio_Week'!B:B"), OFFSET( INDIRECT("'[storico profut.xlsm]Consiglio_Week'!$R:$R"), 0, COLUMNS($A:K)-1 ) ), "" )} | AW53: {=IFERROR( _xlfn.XLOOKUP( $B53, INDIRECT("'[storico profut.xlsm]Consiglio_Week'!B:B"), OFFSET( INDIRECT("'[storico profut.xlsm]Consiglio_Week'!$R:$R"), 0, COLUMNS($A:L)-1 ) ), "" )} | AX53: {=IFERROR( _xlfn.XLOOKUP( $B53, INDIRECT("'[storico profut.xlsm]Consiglio_Week'!B:B"), OFFSET( INDIRECT("'[storico profut.xlsm]Consiglio_Week'!$R:$R"), 0, COLUMNS($A:M)-1 ) ), "" )} | AY53: 0
A54: cf83 | B54: Correnti Chiara | C54: 20 | D54: 2 | E54: 0.625 | F54: 0.875 | Q54: 4-4-4-4-4 | R54: 2 | S54: ps | AH54: {=+IFERROR(_xlfn.XLOOKUP($B54,INDIRECT("'[storico profut.xlsm]Consiglio_Week'!$B:$B"),INDIRECT("'[storico profut.xlsm]Consiglio_Week'!$I:$I")),"")} | AI54: {=+IFERROR(_xlfn.XLOOKUP($B54,INDIRECT("'[storico profut.xlsm]Consiglio_Week'!$B:$B"),INDIRECT("'[storico profut.xlsm]Consiglio_Week'!$L:$L")),"")} | AJ54: {=+IFERROR(_xlfn.XLOOKUP($B54,INDIRECT("'[storico profut.xlsm]Consiglio_Week'!$B:$B"),INDIRECT("'[storico profut.xlsm]Consiglio_Week'!$M:$M")),"")} | AK54: {=+IFERROR(_xlfn.XLOOKUP($B54,INDIRECT("'[storico profut.xlsm]Consiglio_Week'!$B:$B"),INDIRECT("'[storico profut.xlsm]Consiglio_Week'!$P:$P")),"")} | AL54: {=IFERROR( _xlfn.XLOOKUP( $B54, INDIRECT("'[storico profut.xlsm]Consiglio_Week'!B:B"), OFFSET( INDIRECT("'[storico profut.xlsm]Consiglio_Week'!$R:$R"), 0, COLUMNS($A:A)-1 ) ), "" )} | AM54: {=IFERROR( _xlfn.XLOOKUP( $B54, INDIRECT("'[storico profut.xlsm]Consiglio_Week'!B:B"), OFFSET( INDIRECT("'[storico profut.xlsm]Consiglio_Week'!$R:$R"), 0, COLUMNS($A:B)-1 ) ), "" )} | AN54: {=IFERROR( _xlfn.XLOOKUP( $B54, INDIRECT("'[storico profut.xlsm]Consiglio_Week'!B:B"), OFFSET( INDIRECT("'[storico profut.xlsm]Consiglio_Week'!$R:$R"), 0, COLUMNS($A:C)-1 ) ), "" )} | AO54: {=IFERROR( _xlfn.XLOOKUP( $B54, INDIRECT("'[storico profut.xlsm]Consiglio_Week'!B:B"), OFFSET( INDIRECT("'[storico profut.xlsm]Consiglio_Week'!$R:$R"), 0, COLUMNS($A:D)-1 ) ), "" )} | AP54: {=IFERROR( _xlfn.XLOOKUP( $B54, INDIRECT("'[storico profut.xlsm]Consiglio_Week'!B:B"), OFFSET( INDIRECT("'[storico profut.xlsm]Consiglio_Week'!$R:$R"), 0, COLUMNS($A:E)-1 ) ), "" )} | AQ54: {=IFERROR( _xlfn.XLOOKUP( $B54, INDIRECT("'[storico profut.xlsm]Consiglio_Week'!B:B"), OFFSET( INDIRECT("'[storico profut.xlsm]Consiglio_Week'!$R:$R"), 0, COLUMNS($A:F)-1 ) ), "" )} | AR54: {=IFERROR( _xlfn.XLOOKUP( $B54, INDIRECT("'[storico profut.xlsm]Consiglio_Week'!B:B"), OFFSET( INDIRECT("'[storico profut.xlsm]Consiglio_Week'!$R:$R"), 0, COLUMNS($A:G)-1 ) ), "" )} | AS54: {=IFERROR( _xlfn.XLOOKUP( $B54, INDIRECT("'[storico profut.xlsm]Consiglio_Week'!B:B"), OFFSET( INDIRECT("'[storico profut.xlsm]Consiglio_Week'!$R:$R"), 0, COLUMNS($A:H)-1 ) ), "" )} | AT54: {=IFERROR( _xlfn.XLOOKUP( $B54, INDIRECT("'[storico profut.xlsm]Consiglio_Week'!B:B"), OFFSET( INDIRECT("'[storico profut.xlsm]Consiglio_Week'!$R:$R"), 0, COLUMNS($A:I)-1 ) ), "" )} | AU54: {=IFERROR( _xlfn.XLOOKUP( $B54, INDIRECT("'[storico profut.xlsm]Consiglio_Week'!B:B"), OFFSET( INDIRECT("'[storico profut.xlsm]Consiglio_Week'!$R:$R"), 0, COLUMNS($A:J)-1 ) ), "" )} | AV54: {=IFERROR( _xlfn.XLOOKUP( $B54, INDIRECT("'[storico profut.xlsm]Consiglio_Week'!B:B"), OFFSET( INDIRECT("'[storico profut.xlsm]Consiglio_Week'!$R:$R"), 0, COLUMNS($A:K)-1 ) ), "" )} | AW54: {=IFERROR( _xlfn.XLOOKUP( $B54, INDIRECT("'[storico profut.xlsm]Consiglio_Week'!B:B"), OFFSET( INDIRECT("'[storico profut.xlsm]Consiglio_Week'!$R:$R"), 0, COLUMNS($A:L)-1 ) ), "" )} | AX54: {=IFERROR( _xlfn.XLOOKUP( $B54, INDIRECT("'[storico profut.xlsm]Consiglio_Week'!B:B"), OFFSET( INDIRECT("'[storico profut.xlsm]Consiglio_Week'!$R:$R"), 0, COLUMNS($A:M)-1 ) ), "" )} | AY54: 0
A55: cf84 | B55: Culcasi Rosalba | C55: 20 | D55: 2 | E55: 0.375 | F55: 0.54166667 | H55: Riposo | Q55: 4-4-4-4-4 | R55: 0 | S55: ps | AH55: {=+IFERROR(_xlfn.XLOOKUP($B55,INDIRECT("'[storico profut.xlsm]Consiglio_Week'!$B:$B"),INDIRECT("'[storico profut.xlsm]Consiglio_Week'!$I:$I")),"")} | AI55: {=+IFERROR(_xlfn.XLOOKUP($B55,INDIRECT("'[storico profut.xlsm]Consiglio_Week'!$B:$B"),INDIRECT("'[storico profut.xlsm]Consiglio_Week'!$L:$L")),"")} | AJ55: {=+IFERROR(_xlfn.XLOOKUP($B55,INDIRECT("'[storico profut.xlsm]Consiglio_Week'!$B:$B"),INDIRECT("'[storico profut.xlsm]Consiglio_Week'!$M:$M")),"")} | AK55: {=+IFERROR(_xlfn.XLOOKUP($B55,INDIRECT("'[storico profut.xlsm]Consiglio_Week'!$B:$B"),INDIRECT("'[storico profut.xlsm]Consiglio_Week'!$P:$P")),"")} | AL55: {=IFERROR( _xlfn.XLOOKUP( $B55, INDIRECT("'[storico profut.xlsm]Consiglio_Week'!B:B"), OFFSET( INDIRECT("'[storico profut.xlsm]Consiglio_Week'!$R:$R"), 0, COLUMNS($A:A)-1 ) ), "" )} | AM55: {=IFERROR( _xlfn.XLOOKUP( $B55, INDIRECT("'[storico profut.xlsm]Consiglio_Week'!B:B"), OFFSET( INDIRECT("'[storico profut.xlsm]Consiglio_Week'!$R:$R"), 0, COLUMNS($A:B)-1 ) ), "" )} | AN55: {=IFERROR( _xlfn.XLOOKUP( $B55, INDIRECT("'[storico profut.xlsm]Consiglio_Week'!B:B"), OFFSET( INDIRECT("'[storico profut.xlsm]Consiglio_Week'!$R:$R"), 0, COLUMNS($A:C)-1 ) ), "" )} | AO55: {=IFERROR( _xlfn.XLOOKUP( $B55, INDIRECT("'[storico profut.xlsm]Consiglio_Week'!B:B"), OFFSET( INDIRECT("'[storico profut.xlsm]Consiglio_Week'!$R:$R"), 0, COLUMNS($A:D)-1 ) ), "" )} | AP55: {=IFERROR( _xlfn.XLOOKUP( $B55, INDIRECT("'[storico profut.xlsm]Consiglio_Week'!B:B"), OFFSET( INDIRECT("'[storico profut.xlsm]Consiglio_Week'!$R:$R"), 0, COLUMNS($A:E)-1 ) ), "" )} | AQ55: {=IFERROR( _xlfn.XLOOKUP( $B55, INDIRECT("'[storico profut.xlsm]Consiglio_Week'!B:B"), OFFSET( INDIRECT("'[storico profut.xlsm]Consiglio_Week'!$R:$R"), 0, COLUMNS($A:F)-1 ) ), "" )} | AR55: {=IFERROR( _xlfn.XLOOKUP( $B55, INDIRECT("'[storico profut.xlsm]Consiglio_Week'!B:B"), OFFSET( INDIRECT("'[storico profut.xlsm]Consiglio_Week'!$R:$R"), 0, COLUMNS($A:G)-1 ) ), "" )} | AS55: {=IFERROR( _xlfn.XLOOKUP( $B55, INDIRECT("'[storico profut.xlsm]Consiglio_Week'!B:B"), OFFSET( INDIRECT("'[storico profut.xlsm]Consiglio_Week'!$R:$R"), 0, COLUMNS($A:H)-1 ) ), "" )} | AT55: {=IFERROR( _xlfn.XLOOKUP( $B55, INDIRECT("'[storico profut.xlsm]Consiglio_Week'!B:B"), OFFSET( INDIRECT("'[storico profut.xlsm]Consiglio_Week'!$R:$R"), 0, COLUMNS($A:I)-1 ) ), "" )} | AU55: {=IFERROR( _xlfn.XLOOKUP( $B55, INDIRECT("'[storico profut.xlsm]Consiglio_Week'!B:B"), OFFSET( INDIRECT("'[storico profut.xlsm]Consiglio_Week'!$R:$R"), 0, COLUMNS($A:J)-1 ) ), "" )} | AV55: {=IFERROR( _xlfn.XLOOKUP( $B55, INDIRECT("'[storico profut.xlsm]Consiglio_Week'!B:B"), OFFSET( INDIRECT("'[storico profut.xlsm]Consiglio_Week'!$R:$R"), 0, COLUMNS($A:K)-1 ) ), "" )} | AW55: {=IFERROR( _xlfn.XLOOKUP( $B55, INDIRECT("'[storico profut.xlsm]Consiglio_Week'!B:B"), OFFSET( INDIRECT("'[storico profut.xlsm]Consiglio_Week'!$R:$R"), 0, COLUMNS($A:L)-1 ) ), "" )} | AX55: {=IFERROR( _xlfn.XLOOKUP( $B55, INDIRECT("'[storico profut.xlsm]Consiglio_Week'!B:B"), OFFSET( INDIRECT("'[storico profut.xlsm]Consiglio_Week'!$R:$R"), 0, COLUMNS($A:M)-1 ) ), "" )} | AY55: blocco turno 9-13
A56: cf85 | B56: Di Miceli Stefania | C56: 20 | D56: 2 | E56: 0.625 | F56: 0.875 | G56: Riposo | H56: Riposo | Q56: 4-4-4-4-4 | R56: 2 | S56: ps | AH56: {=+IFERROR(_xlfn.XLOOKUP($B56,INDIRECT("'[storico profut.xlsm]Consiglio_Week'!$B:$B"),INDIRECT("'[storico profut.xlsm]Consiglio_Week'!$I:$I")),"")} | AI56: {=+IFERROR(_xlfn.XLOOKUP($B56,INDIRECT("'[storico profut.xlsm]Consiglio_Week'!$B:$B"),INDIRECT("'[storico profut.xlsm]Consiglio_Week'!$L:$L")),"")} | AJ56: {=+IFERROR(_xlfn.XLOOKUP($B56,INDIRECT("'[storico profut.xlsm]Consiglio_Week'!$B:$B"),INDIRECT("'[storico profut.xlsm]Consiglio_Week'!$M:$M")),"")} | AK56: {=+IFERROR(_xlfn.XLOOKUP($B56,INDIRECT("'[storico profut.xlsm]Consiglio_Week'!$B:$B"),INDIRECT("'[storico profut.xlsm]Consiglio_Week'!$P:$P")),"")} | AL56: {=IFERROR( _xlfn.XLOOKUP( $B56, INDIRECT("'[storico profut.xlsm]Consiglio_Week'!B:B"), OFFSET( INDIRECT("'[storico profut.xlsm]Consiglio_Week'!$R:$R"), 0, COLUMNS($A:A)-1 ) ), "" )} | AM56: {=IFERROR( _xlfn.XLOOKUP( $B56, INDIRECT("'[storico profut.xlsm]Consiglio_Week'!B:B"), OFFSET( INDIRECT("'[storico profut.xlsm]Consiglio_Week'!$R:$R"), 0, COLUMNS($A:B)-1 ) ), "" )} | AN56: {=IFERROR( _xlfn.XLOOKUP( $B56, INDIRECT("'[storico profut.xlsm]Consiglio_Week'!B:B"), OFFSET( INDIRECT("'[storico profut.xlsm]Consiglio_Week'!$R:$R"), 0, COLUMNS($A:C)-1 ) ), "" )} | AO56: {=IFERROR( _xlfn.XLOOKUP( $B56, INDIRECT("'[storico profut.xlsm]Consiglio_Week'!B:B"), OFFSET( INDIRECT("'[storico profut.xlsm]Consiglio_Week'!$R:$R"), 0, COLUMNS($A:D)-1 ) ), "" )} | AP56: {=IFERROR( _xlfn.XLOOKUP( $B56, INDIRECT("'[storico profut.xlsm]Consiglio_Week'!B:B"), OFFSET( INDIRECT("'[storico profut.xlsm]Consiglio_Week'!$R:$R"), 0, COLUMNS($A:E)-1 ) ), "" )} | AQ56: {=IFERROR( _xlfn.XLOOKUP( $B56, INDIRECT("'[storico profut.xlsm]Consiglio_Week'!B:B"), OFFSET( INDIRECT("'[storico profut.xlsm]Consiglio_Week'!$R:$R"), 0, COLUMNS($A:F)-1 ) ), "" )} | AR56: {=IFERROR( _xlfn.XLOOKUP( $B56, INDIRECT("'[storico profut.xlsm]Consiglio_Week'!B:B"), OFFSET( INDIRECT("'[storico profut.xlsm]Consiglio_Week'!$R:$R"), 0, COLUMNS($A:G)-1 ) ), "" )} | AS56: {=IFERROR( _xlfn.XLOOKUP( $B56, INDIRECT("'[storico profut.xlsm]Consiglio_Week'!B:B"), OFFSET( INDIRECT("'[storico profut.xlsm]Consiglio_Week'!$R:$R"), 0, COLUMNS($A:H)-1 ) ), "" )} | AT56: {=IFERROR( _xlfn.XLOOKUP( $B56, INDIRECT("'[storico profut.xlsm]Consiglio_Week'!B:B"), OFFSET( INDIRECT("'[storico profut.xlsm]Consiglio_Week'!$R:$R"), 0, COLUMNS($A:I)-1 ) ), "" )} | AU56: {=IFERROR( _xlfn.XLOOKUP( $B56, INDIRECT("'[storico profut.xlsm]Consiglio_Week'!B:B"), OFFSET( INDIRECT("'[storico profut.xlsm]Consiglio_Week'!$R:$R"), 0, COLUMNS($A:J)-1 ) ), "" )} | AV56: {=IFERROR( _xlfn.XLOOKUP( $B56, INDIRECT("'[storico profut.xlsm]Consiglio_Week'!B:B"), OFFSET( INDIRECT("'[storico profut.xlsm]Consiglio_Week'!$R:$R"), 0, COLUMNS($A:K)-1 ) ), "" )} | AW56: {=IFERROR( _xlfn.XLOOKUP( $B56, INDIRECT("'[storico profut.xlsm]Consiglio_Week'!B:B"), OFFSET( INDIRECT("'[storico profut.xlsm]Consiglio_Week'!$R:$R"), 0, COLUMNS($A:L)-1 ) ), "" )} | AX56: {=IFERROR( _xlfn.XLOOKUP( $B56, INDIRECT("'[storico profut.xlsm]Consiglio_Week'!B:B"), OFFSET( INDIRECT("'[storico profut.xlsm]Consiglio_Week'!$R:$R"), 0, COLUMNS($A:M)-1 ) ), "" )} | AY56: 0
A57: cf86 | B57: La Versa Loredana | C57: 20 | D57: 2 | E57: 0.375 | F57: 0.625 | H57: Riposo | Q57: 4-4-4-4-4 | R57: 2 | S57: ps | AH57: {=+IFERROR(_xlfn.XLOOKUP($B57,INDIRECT("'[storico profut.xlsm]Consiglio_Week'!$B:$B"),INDIRECT("'[storico profut.xlsm]Consiglio_Week'!$I:$I")),"")} | AI57: {=+IFERROR(_xlfn.XLOOKUP($B57,INDIRECT("'[storico profut.xlsm]Consiglio_Week'!$B:$B"),INDIRECT("'[storico profut.xlsm]Consiglio_Week'!$L:$L")),"")} | AJ57: {=+IFERROR(_xlfn.XLOOKUP($B57,INDIRECT("'[storico profut.xlsm]Consiglio_Week'!$B:$B"),INDIRECT("'[storico profut.xlsm]Consiglio_Week'!$M:$M")),"")} | AK57: {=+IFERROR(_xlfn.XLOOKUP($B57,INDIRECT("'[storico profut.xlsm]Consiglio_Week'!$B:$B"),INDIRECT("'[storico profut.xlsm]Consiglio_Week'!$P:$P")),"")} | AL57: {=IFERROR( _xlfn.XLOOKUP( $B57, INDIRECT("'[storico profut.xlsm]Consiglio_Week'!B:B"), OFFSET( INDIRECT("'[storico profut.xlsm]Consiglio_Week'!$R:$R"), 0, COLUMNS($A:A)-1 ) ), "" )} | AM57: {=IFERROR( _xlfn.XLOOKUP( $B57, INDIRECT("'[storico profut.xlsm]Consiglio_Week'!B:B"), OFFSET( INDIRECT("'[storico profut.xlsm]Consiglio_Week'!$R:$R"), 0, COLUMNS($A:B)-1 ) ), "" )} | AN57: {=IFERROR( _xlfn.XLOOKUP( $B57, INDIRECT("'[storico profut.xlsm]Consiglio_Week'!B:B"), OFFSET( INDIRECT("'[storico profut.xlsm]Consiglio_Week'!$R:$R"), 0, COLUMNS($A:C)-1 ) ), "" )} | AO57: {=IFERROR( _xlfn.XLOOKUP( $B57, INDIRECT("'[storico profut.xlsm]Consiglio_Week'!B:B"), OFFSET( INDIRECT("'[storico profut.xlsm]Consiglio_Week'!$R:$R"), 0, COLUMNS($A:D)-1 ) ), "" )} | AP57: {=IFERROR( _xlfn.XLOOKUP( $B57, INDIRECT("'[storico profut.xlsm]Consiglio_Week'!B:B"), OFFSET( INDIRECT("'[storico profut.xlsm]Consiglio_Week'!$R:$R"), 0, COLUMNS($A:E)-1 ) ), "" )} | AQ57: {=IFERROR( _xlfn.XLOOKUP( $B57, INDIRECT("'[storico profut.xlsm]Consiglio_Week'!B:B"), OFFSET( INDIRECT("'[storico profut.xlsm]Consiglio_Week'!$R:$R"), 0, COLUMNS($A:F)-1 ) ), "" )} | AR57: {=IFERROR( _xlfn.XLOOKUP( $B57, INDIRECT("'[storico profut.xlsm]Consiglio_Week'!B:B"), OFFSET( INDIRECT("'[storico profut.xlsm]Consiglio_Week'!$R:$R"), 0, COLUMNS($A:G)-1 ) ), "" )} | AS57: {=IFERROR( _xlfn.XLOOKUP( $B57, INDIRECT("'[storico profut.xlsm]Consiglio_Week'!B:B"), OFFSET( INDIRECT("'[storico profut.xlsm]Consiglio_Week'!$R:$R"), 0, COLUMNS($A:H)-1 ) ), "" )} | AT57: {=IFERROR( _xlfn.XLOOKUP( $B57, INDIRECT("'[storico profut.xlsm]Consiglio_Week'!B:B"), OFFSET( INDIRECT("'[storico profut.xlsm]Consiglio_Week'!$R:$R"), 0, COLUMNS($A:I)-1 ) ), "" )} | AU57: {=IFERROR( _xlfn.XLOOKUP( $B57, INDIRECT("'[storico profut.xlsm]Consiglio_Week'!B:B"), OFFSET( INDIRECT("'[storico profut.xlsm]Consiglio_Week'!$R:$R"), 0, COLUMNS($A:J)-1 ) ), "" )} | AV57: {=IFERROR( _xlfn.XLOOKUP( $B57, INDIRECT("'[storico profut.xlsm]Consiglio_Week'!B:B"), OFFSET( INDIRECT("'[storico profut.xlsm]Consiglio_Week'!$R:$R"), 0, COLUMNS($A:K)-1 ) ), "" )} | AW57: {=IFERROR( _xlfn.XLOOKUP( $B57, INDIRECT("'[storico profut.xlsm]Consiglio_Week'!B:B"), OFFSET( INDIRECT("'[storico profut.xlsm]Consiglio_Week'!$R:$R"), 0, COLUMNS($A:L)-1 ) ), "" )} | AX57: {=IFERROR( _xlfn.XLOOKUP( $B57, INDIRECT("'[storico profut.xlsm]Consiglio_Week'!B:B"), OFFSET( INDIRECT("'[storico profut.xlsm]Consiglio_Week'!$R:$R"), 0, COLUMNS($A:M)-1 ) ), "" )} | AY57: 0
A58: cf87 | B58: Lo Presti Florinda | C58: 20 | D58: 2 | E58: 0.375 | F58: 0.625 | Q58: 4-4-4-4-4 | R58: 2 | S58: ps | AH58: {=+IFERROR(_xlfn.XLOOKUP($B58,INDIRECT("'[storico profut.xlsm]Consiglio_Week'!$B:$B"),INDIRECT("'[storico profut.xlsm]Consiglio_Week'!$I:$I")),"")} | AI58: {=+IFERROR(_xlfn.XLOOKUP($B58,INDIRECT("'[storico profut.xlsm]Consiglio_Week'!$B:$B"),INDIRECT("'[storico profut.xlsm]Consiglio_Week'!$L:$L")),"")} | AJ58: {=+IFERROR(_xlfn.XLOOKUP($B58,INDIRECT("'[storico profut.xlsm]Consiglio_Week'!$B:$B"),INDIRECT("'[storico profut.xlsm]Consiglio_Week'!$M:$M")),"")} | AK58: {=+IFERROR(_xlfn.XLOOKUP($B58,INDIRECT("'[storico profut.xlsm]Consiglio_Week'!$B:$B"),INDIRECT("'[storico profut.xlsm]Consiglio_Week'!$P:$P")),"")} | AL58: {=IFERROR( _xlfn.XLOOKUP( $B58, INDIRECT("'[storico profut.xlsm]Consiglio_Week'!B:B"), OFFSET( INDIRECT("'[storico profut.xlsm]Consiglio_Week'!$R:$R"), 0, COLUMNS($A:A)-1 ) ), "" )} | AM58: {=IFERROR( _xlfn.XLOOKUP( $B58, INDIRECT("'[storico profut.xlsm]Consiglio_Week'!B:B"), OFFSET( INDIRECT("'[storico profut.xlsm]Consiglio_Week'!$R:$R"), 0, COLUMNS($A:B)-1 ) ), "" )} | AN58: {=IFERROR( _xlfn.XLOOKUP( $B58, INDIRECT("'[storico profut.xlsm]Consiglio_Week'!B:B"), OFFSET( INDIRECT("'[storico profut.xlsm]Consiglio_Week'!$R:$R"), 0, COLUMNS($A:C)-1 ) ), "" )} | AO58: {=IFERROR( _xlfn.XLOOKUP( $B58, INDIRECT("'[storico profut.xlsm]Consiglio_Week'!B:B"), OFFSET( INDIRECT("'[storico profut.xlsm]Consiglio_Week'!$R:$R"), 0, COLUMNS($A:D)-1 ) ), "" )} | AP58: {=IFERROR( _xlfn.XLOOKUP( $B58, INDIRECT("'[storico profut.xlsm]Consiglio_Week'!B:B"), OFFSET( INDIRECT("'[storico profut.xlsm]Consiglio_Week'!$R:$R"), 0, COLUMNS($A:E)-1 ) ), "" )} | AQ58: {=IFERROR( _xlfn.XLOOKUP( $B58, INDIRECT("'[storico profut.xlsm]Consiglio_Week'!B:B"), OFFSET( INDIRECT("'[storico profut.xlsm]Consiglio_Week'!$R:$R"), 0, COLUMNS($A:F)-1 ) ), "" )} | AR58: {=IFERROR( _xlfn.XLOOKUP( $B58, INDIRECT("'[storico profut.xlsm]Consiglio_Week'!B:B"), OFFSET( INDIRECT("'[storico profut.xlsm]Consiglio_Week'!$R:$R"), 0, COLUMNS($A:G)-1 ) ), "" )} | AS58: {=IFERROR( _xlfn.XLOOKUP( $B58, INDIRECT("'[storico profut.xlsm]Consiglio_Week'!B:B"), OFFSET( INDIRECT("'[storico profut.xlsm]Consiglio_Week'!$R:$R"), 0, COLUMNS($A:H)-1 ) ), "" )} | AT58: {=IFERROR( _xlfn.XLOOKUP( $B58, INDIRECT("'[storico profut.xlsm]Consiglio_Week'!B:B"), OFFSET( INDIRECT("'[storico profut.xlsm]Consiglio_Week'!$R:$R"), 0, COLUMNS($A:I)-1 ) ), "" )} | AU58: {=IFERROR( _xlfn.XLOOKUP( $B58, INDIRECT("'[storico profut.xlsm]Consiglio_Week'!B:B"), OFFSET( INDIRECT("'[storico profut.xlsm]Consiglio_Week'!$R:$R"), 0, COLUMNS($A:J)-1 ) ), "" )} | AV58: {=IFERROR( _xlfn.XLOOKUP( $B58, INDIRECT("'[storico profut.xlsm]Consiglio_Week'!B:B"), OFFSET( INDIRECT("'[storico profut.xlsm]Consiglio_Week'!$R:$R"), 0, COLUMNS($A:K)-1 ) ), "" )} | AW58: {=IFERROR( _xlfn.XLOOKUP( $B58, INDIRECT("'[storico profut.xlsm]Consiglio_Week'!B:B"), OFFSET( INDIRECT("'[storico profut.xlsm]Consiglio_Week'!$R:$R"), 0, COLUMNS($A:L)-1 ) ), "" )} | AX58: {=IFERROR( _xlfn.XLOOKUP( $B58, INDIRECT("'[storico profut.xlsm]Consiglio_Week'!B:B"), OFFSET( INDIRECT("'[storico profut.xlsm]Consiglio_Week'!$R:$R"), 0, COLUMNS($A:M)-1 ) ), "" )} | AY58: 0
A59: cf89 | B59: Marasa Davide | C59: 21 | D59: 2 | E59: 0.375 | F59: 0.625 | Q59: 5-4-4-4-4 | R59: 2 | S59: ps | AH59: {=+IFERROR(_xlfn.XLOOKUP($B59,INDIRECT("'[storico profut.xlsm]Consiglio_Week'!$B:$B"),INDIRECT("'[storico profut.xlsm]Consiglio_Week'!$I:$I")),"")} | AI59: {=+IFERROR(_xlfn.XLOOKUP($B59,INDIRECT("'[storico profut.xlsm]Consiglio_Week'!$B:$B"),INDIRECT("'[storico profut.xlsm]Consiglio_Week'!$L:$L")),"")} | AJ59: {=+IFERROR(_xlfn.XLOOKUP($B59,INDIRECT("'[storico profut.xlsm]Consiglio_Week'!$B:$B"),INDIRECT("'[storico profut.xlsm]Consiglio_Week'!$M:$M")),"")} | AK59: {=+IFERROR(_xlfn.XLOOKUP($B59,INDIRECT("'[storico profut.xlsm]Consiglio_Week'!$B:$B"),INDIRECT("'[storico profut.xlsm]Consiglio_Week'!$P:$P")),"")} | AL59: {=IFERROR( _xlfn.XLOOKUP( $B59, INDIRECT("'[storico profut.xlsm]Consiglio_Week'!B:B"), OFFSET( INDIRECT("'[storico profut.xlsm]Consiglio_Week'!$R:$R"), 0, COLUMNS($A:A)-1 ) ), "" )} | AM59: {=IFERROR( _xlfn.XLOOKUP( $B59, INDIRECT("'[storico profut.xlsm]Consiglio_Week'!B:B"), OFFSET( INDIRECT("'[storico profut.xlsm]Consiglio_Week'!$R:$R"), 0, COLUMNS($A:B)-1 ) ), "" )} | AN59: {=IFERROR( _xlfn.XLOOKUP( $B59, INDIRECT("'[storico profut.xlsm]Consiglio_Week'!B:B"), OFFSET( INDIRECT("'[storico profut.xlsm]Consiglio_Week'!$R:$R"), 0, COLUMNS($A:C)-1 ) ), "" )} | AO59: {=IFERROR( _xlfn.XLOOKUP( $B59, INDIRECT("'[storico profut.xlsm]Consiglio_Week'!B:B"), OFFSET( INDIRECT("'[storico profut.xlsm]Consiglio_Week'!$R:$R"), 0, COLUMNS($A:D)-1 ) ), "" )} | AP59: {=IFERROR( _xlfn.XLOOKUP( $B59, INDIRECT("'[storico profut.xlsm]Consiglio_Week'!B:B"), OFFSET( INDIRECT("'[storico profut.xlsm]Consiglio_Week'!$R:$R"), 0, COLUMNS($A:E)-1 ) ), "" )} | AQ59: {=IFERROR( _xlfn.XLOOKUP( $B59, INDIRECT("'[storico profut.xlsm]Consiglio_Week'!B:B"), OFFSET( INDIRECT("'[storico profut.xlsm]Consiglio_Week'!$R:$R"), 0, COLUMNS($A:F)-1 ) ), "" )} | AR59: {=IFERROR( _xlfn.XLOOKUP( $B59, INDIRECT("'[storico profut.xlsm]Consiglio_Week'!B:B"), OFFSET( INDIRECT("'[storico profut.xlsm]Consiglio_Week'!$R:$R"), 0, COLUMNS($A:G)-1 ) ), "" )} | AS59: {=IFERROR( _xlfn.XLOOKUP( $B59, INDIRECT("'[storico profut.xlsm]Consiglio_Week'!B:B"), OFFSET( INDIRECT("'[storico profut.xlsm]Consiglio_Week'!$R:$R"), 0, COLUMNS($A:H)-1 ) ), "" )} | AT59: {=IFERROR( _xlfn.XLOOKUP( $B59, INDIRECT("'[storico profut.xlsm]Consiglio_Week'!B:B"), OFFSET( INDIRECT("'[storico profut.xlsm]Consiglio_Week'!$R:$R"), 0, COLUMNS($A:I)-1 ) ), "" )} | AU59: {=IFERROR( _xlfn.XLOOKUP( $B59, INDIRECT("'[storico profut.xlsm]Consiglio_Week'!B:B"), OFFSET( INDIRECT("'[storico profut.xlsm]Consiglio_Week'!$R:$R"), 0, COLUMNS($A:J)-1 ) ), "" )} | AV59: {=IFERROR( _xlfn.XLOOKUP( $B59, INDIRECT("'[storico profut.xlsm]Consiglio_Week'!B:B"), OFFSET( INDIRECT("'[storico profut.xlsm]Consiglio_Week'!$R:$R"), 0, COLUMNS($A:K)-1 ) ), "" )} | AW59: {=IFERROR( _xlfn.XLOOKUP( $B59, INDIRECT("'[storico profut.xlsm]Consiglio_Week'!B:B"), OFFSET( INDIRECT("'[storico profut.xlsm]Consiglio_Week'!$R:$R"), 0, COLUMNS($A:L)-1 ) ), "" )} | AX59: {=IFERROR( _xlfn.XLOOKUP( $B59, INDIRECT("'[storico profut.xlsm]Consiglio_Week'!B:B"), OFFSET( INDIRECT("'[storico profut.xlsm]Consiglio_Week'!$R:$R"), 0, COLUMNS($A:M)-1 ) ), "" )} | AY59: 0
